0,1,2,3,4,5,6,7,8,9,10,11,12,13,14,15,16,17,18,19,20,21,22,23,24,25,26,27,28,29,30,31,32,33,34,35,36,37,38,39,40,41,42,43,44,45,46,47,48,49
[ 50.35041482 497.21661878],[ 50.1840614  919.32646659],[  50.62482777 1360.06683177],[  50.00104223 1789.50579248],[  50.11357184 2199.1430598 ],[  50.         2652.67397319],[  50.24326344 3083.27363826],[  50.04282953 3502.90430811],[3949.99700899  524.58404139],[3949.99011722  926.63228631],[3949.89942188 1332.78573265],[3949.90231315 1804.31010919],[3949.82016149 2207.30852229],[3949.98999779 2647.00447857],[3950.      3079.48275],[3949.91496843 3514.96350417],[  50.0518904  3949.98696759],[ 534.10295995 3949.95497924],[ 954.59989688 3949.99884426],[1356.92154786 3949.99684526],[1782.98886682 3949.92420315],[2232.0043832  3949.99082345],[2666.67349337 3949.83073901],[3120.27788349 3949.99300699],[3523.47669504 3950.        ],[3949.97037948 3948.67087554],[50.00784866 50.00784866],[486.3668534  50.       ],[908.70597081  50.0160348 ],[1337.09706785   50.00272851],[1780.69453319   50.        ],[2211.68282237   50.0040709 ],[2697.88608548   50.00016712],[3101.29216178   50.00346909],[3515.31436662   50.10200319],[3949.90595639   50.        ],[1090.13394407 2465.26715327],[3044.46611404 1035.12349108],[1463.36370282 2023.7761432 ],[2788.720131   3362.86495312],[2383.60630106 2227.21425123],[2495.52199262 1612.34105679],[1609.4216018  3079.17647799],[3162.62525756 2391.40996532],[1552.32134414 1558.93610257],[ 555.99734913 1364.34672088],[2874.09299141 2864.19019458],[2556.59847969  439.97912819],[2058.73336199 3488.74964559],[2208.94255466 1130.45525089]
[ 50.03617154 496.85595424],[ 50.00857467 919.18473176],[  50.04327441 1359.47030599],[  50.03415077 1789.87668378],[  50.12122955 2199.15071858],[  50.01151859 2652.70915153],[  50.03153238 3083.07456933],[  50.04490799 3502.90406851],[3949.99742139  524.59741954],[3949.98765471  926.63032322],[3949.97167002 1332.85842148],[3949.91372913 1804.31969214],[3949.98035777 2207.47525248],[3949.97275905 2646.98631367],[3949.95844635 3078.90688184],[3949.9427709 3514.9912735],[  50.08299001 3949.98476747],[ 534.10525901 3949.96030658],[ 954.5523698  3949.98086532],[1356.88834036 3949.99677481],[1783.04940983 3949.9784583 ],[2231.97149579 3949.9812165 ],[2666.82725642 3949.98930879],[3120.22021442 3949.93471247],[3523.37867391 3949.98588838],[3949.98500233 3948.61749464],[50.29189302 50.29189302],[486.72232506  50.13187875],[908.7005065   50.01463299],[1337.17536547   50.03187296],[1780.80180989   50.02324446],[2211.68051698   50.01692366],[2697.99157898   50.0011832 ],[3101.23801295   50.00275912],[3515.32372035   50.11344899],[3949.90891033   50.00071224],[1089.95895829 2465.09216749],[3044.26475263 1034.92212967],[1463.20909702 2023.6215374 ],[2788.96673105 3363.11155317],[2383.59436968 2227.20231985],[2495.53068007 1612.34974424],[1609.45193247 3079.20680866],[3162.52298247 2391.30769023],[1552.35268837 1558.9674468 ],[ 556.03756119 1364.38690676],[2874.22424356 2864.32144673],[2556.59458757  439.97523607],[2058.72814013 3488.74442373],[2208.94341452 1130.45611372]
[ 50.28706498 497.15960863],[ 50.00089188 918.99333926],[  50.         1359.30847914],[  50.00381268 1789.60080403],[  50.11288063 2199.14236874],[  50.40255412 2653.02648311],[  50.         3082.86040413],[  50.16090745 3503.02252456],[3949.9970296   524.58513635],[3949.75830724  926.44727871],[3949.9763163  1332.86350329],[3949.91710239 1804.34530788],[3949.98998365 2207.47816104],[3949.76145014 2646.77498974],[3949.84902215 3078.79423241],[3949.69801105 3514.74654679],[  50.22862464 3949.99832068],[ 534.11379668 3949.96581597],[ 954.82647441 3950.        ],[1357.17369515 3950.        ],[1783.01097891 3949.94606811],[2232.00985808 3949.99170163],[2666.92154179 3949.99797902],[3120.22712238 3949.94279452],[3523.33595017 3949.95710296],[3949.79665116 3948.41921235],[50. 50.],[486.71365884  50.12642302],[908.69559338  50.00587713],[1336.77486556   50.09724048],[1780.95345346   50.17907727],[2211.48762629   50.        ],[2698.03784618   50.00220735],[3100.9438226    50.14205368],[3515.26704726   50.05414844],[3948.80758178   50.03992964],[1089.8881916 2465.0214008],[3044.34600518 1035.00338222],[1463.43971281 2023.85215319],[2789.25748348 3363.4023056 ],[2383.81470471 2227.42265488],[2495.53755469 1612.35661886],[1609.29871634 3079.05359253],[3162.55006285 2391.33477061],[1552.10616867 1558.7209271 ],[ 555.93660569 1364.28597704],[2874.37532785 2864.47253102],[2556.40217911  439.7828276 ],[2058.52759119 3488.54387479],[2208.83879912 1130.35149838]
[ 50.28706498 497.15960863],[ 50.02907325 918.99889161],[  50.03255457 1359.44446614],[  50.19617872 1789.99850331],[  50.11218943 2199.14167768],[  50.03629281 2652.66022179],[  50.35511041 3083.40682238],[  50.16090745 3503.02252456],[3949.90544069  524.4924731 ],[3949.42599965  926.11497113],[3949.9763163  1332.86350329],[3950.         1804.46557882],[3950.         2207.76609338],[3950.         2647.18555336],[3949.93520376 3078.88041402],[3949.67088148 3514.71941722],[  50.10227245 3950.        ],[ 534.29017281 3950.        ],[ 954.52013466 3949.95085994],[1357.24066776 3950.        ],[1783.05232844 3949.98713437],[2232.00985808 3949.99170163],[2666.92154179 3949.99797902],[3120.30485662 3950.        ],[3523.18582007 3949.80697287],[3949.73915146 3948.36171265],[50. 50.],[486.71365884  50.12642302],[908.61362717  50.0022076 ],[1337.20056455   50.4782443 ],[1780.98087407   50.20649788],[2211.67996178   50.00377743],[2698.0697715    50.06559213],[3101.0828984   50.       ],[3515.26704726   50.05414844],[3948.76765214   50.        ],[1089.8881916 2465.0214008],[3044.20275567 1034.86013271],[1463.43971281 2023.85215319],[2788.94524727 3363.09006939],[2383.91477628 2227.52272645],[2495.59123478 1612.41029895],[1609.29871634 3079.05359253],[3162.30555804 2391.0902658 ],[1552.28365952 1558.89841795],[ 555.92464012 1364.27400788],[2874.09299141 2864.19019458],[2556.40217911  439.7828276 ],[2058.18156367 3488.19784727],[2208.58521786 1130.09791841]
[ 50.15383281 496.9753606 ],[ 50.01028567 918.99519004],[  50.0325968  1359.45021623],[  50.00254178 1789.66797755],[  50.12067986 2199.15016811],[  50.01354656 2652.59195904],[  50.         3082.86040413],[  50.01395183 3502.83733598],[3949.99801973  524.60567511],[3949.90275382  926.75357202],[3949.9763163  1332.86350329],[3949.88207958 1804.30710533],[3949.99525769 2207.49937988],[3949.83749592 2646.85103552],[3949.97983836 3078.93272042],[3949.75079936 3514.79932416],[  50.22862464 3949.99832068],[ 534.07744446 3949.92917059],[ 954.55558525 3949.98622537],[1357.20761313 3950.        ],[1782.95694925 3949.88277632],[2231.98196012 3949.82617014],[2666.92740113 3949.99865268],[3120.22712238 3949.94279452],[3523.18582007 3949.80697287],[3949.6602358  3948.28279776],[50. 50.],[486.76379118  50.17574534],[908.61030734  50.00147173],[1337.15661377   50.00257689],[1779.82434083   50.        ],[2211.71091135   50.034727  ],[2698.03784618   50.00220735],[3101.02398671   50.01604128],[3515.31324114   50.10038278],[3948.92165749   50.        ],[1090.06495968 2465.19816888],[3044.20505481 1034.86243185],[1463.19464742 2023.6070878 ],[2788.95640147 3363.10122359],[2383.91477628 2227.52272645],[2495.59938018 1612.41844435],[1609.3828968  3079.13777299],[3162.55501292 2391.33972068],[1552.30318397 1558.9179424 ],[ 556.00057535 1364.34993778],[2874.09299141 2864.19019458],[2556.50866705  439.88931555],[2058.69132765 3488.70761125],[2208.83879912 1130.35149838]
[ 50.3954814  497.26802505],[ 50.         918.96981836],[  50.16586095 1359.59503429],[  50.09676744 1789.6647259 ],[  50.0368614  2199.06635039],[  50.01816942 2652.69424747],[  50.02395534 3083.07566732],[  50.0677755 3502.9293926],[3949.82647293  524.41350533],[3949.98962948  926.63232626],[3949.93791791 1332.82411916],[3949.91710239 1804.34530788],[3949.99288653 2207.48112822],[3950.         2647.01703449],[3949.9806597  3078.92586996],[3949.91496843 3514.96350417],[  50.07106652 3949.9417423 ],[ 533.9137783  3949.76823421],[ 954.2803389 3949.7110766],[1356.95920594 3950.        ],[1783.50500532 3950.        ],[2232.00985808 3949.99170163],[2666.60395401 3949.7713007 ],[3120.17282762 3949.89574991],[3523.49948366 3949.77608014],[3949.94409301 3948.60092119],[50.27345582 50.27345582],[487.10823058  50.52099476],[908.73374119  50.04402494],[1337.15661377   50.00257689],[1780.80033498   50.02133294],[2211.59429749   50.        ],[2698.02691724   50.00150408],[3101.05591448   50.19787498],[3515.26992717   50.05756374],[3949.77306489   50.        ],[1089.8881916 2465.0214008],[3044.46611404 1035.12349108],[1463.52850097 2023.94094135],[2788.98260255 3363.12742467],[2383.95471182 2227.56266199],[2495.66001281 1612.47907698],[1609.23174931 3078.9866255 ],[3162.69042848 2391.47513624],[1552.10867301 1558.72343144],[ 555.79911101 1364.14845727],[2874.09299141 2864.19019458],[2556.59847969  439.97912819],[2058.73336199 3488.74964559],[2208.93688906 1130.44958682]
[ 50.3954814  497.26802505],[ 50.23652296 919.42500596],[  50.02993911 1359.47166706],[  50.         1789.46142554],[  50.11357184 2199.1430598 ],[  50.14859494 2652.82256814],[  50.02056098 3083.07227295],[  50.0677755 3502.9293926],[3949.83674338  524.42377578],[3949.99017819  926.63228132],[3949.98016496 1332.8662713 ],[3949.91710239 1804.34530788],[3949.59467941 2207.08305264],[3949.96788486 2646.98236564],[3950.         3079.30476431],[3950.         3515.06890369],[  50.07106652 3949.9417423 ],[ 534.07431903 3949.92877494],[ 954.19273207 3949.62337219],[1356.81219708 3949.92285829],[1783.33237537 3950.        ],[2232.00985808 3949.99170163],[2666.89687467 3950.        ],[3120.13536191 3949.8582842 ],[3523.63668109 3949.91327757],[3950.        3948.7387489],[50.69751155 50.69751155],[487.34071826  50.75348244],[908.70249951  50.01253604],[1337.15661377   50.00257689],[1780.61605873   50.        ],[2212.01637858   50.33520917],[2697.86848151   50.        ],[3100.8580395   50.       ],[3515.34829359   50.13539477],[3949.77306489   50.        ],[1089.8881916 2465.0214008],[3044.46611404 1035.12349108],[1462.9538257  2023.36626608],[2788.91238548 3363.0572076 ],[2383.9796901  2227.58764027],[2495.56305703 1612.3821212 ],[1609.43530529 3079.19018148],[3162.52469924 2391.309407  ],[1552.40237176 1559.01713019],[ 555.99525141 1364.34462634],[2874.09299141 2864.19019458],[2556.59847969  439.97912819],[2058.22917511 3488.24545871],[2208.97012247 1130.48281833]
[ 50.28706498 497.15960863],[ 50.02907325 918.99889161],[  50.07370902 1359.45591558],[  50.         1789.63726123],[  50.10244576 2199.13193401],[  50.         2652.62208221],[  50.         3082.96823998],[  50.12122369 3502.98285651],[3949.99700899  524.58404139],[3949.7987726   926.47231089],[3949.73434922 1332.62088378],[3950.         1804.46689182],[3949.97819492 2207.4663723 ],[3950.         2647.09490156],[3949.82223193 3078.76744219],[3949.69801105 3514.74654679],[  50.02672598 3949.93629171],[ 534.11379668 3949.96581597],[ 954.66994468 3949.84347027],[1357.04240362 3949.86870847],[1783.07663666 3949.98199852],[2232.01408361 3949.99592716],[2666.55874943 3949.62003508],[3120.29238431 3949.98752769],[3523.33595017 3949.95710296],[3949.60449694 3948.22705813],[50. 50.],[486.71365884  50.12642302],[908.69559338  50.00587713],[1337.1410196    50.41869935],[1780.90011912   50.12378936],[2211.48762629   50.        ],[2698.0697715    50.06559213],[3100.98072173   50.09518027],[3515.26704726   50.05414844],[3948.82121446   50.        ],[1089.8881916 2465.0214008],[3043.90964896 1034.567026  ],[1463.43971281 2023.85215319],[2789.11923902 3363.26406114],[2383.91755345 2227.52550362],[2495.33990888 1612.15897305],[1609.33803492 3079.09291111],[3162.55006285 2391.33477061],[1551.95558807 1558.5703465 ],[ 555.87795998 1364.22732775],[2874.20328458 2864.30048775],[2556.19743388  439.57808238],[2058.69622342 3488.71250702],[2208.91851315 1130.43121091]
[ 50.39142701 497.26397067],[ 50.02907325 918.99889161],[  50.         1358.93988364],[  50.19617872 1789.99850331],[  50.11357184 2199.1430598 ],[  50.25404965 2652.87797864],[  50.35511041 3083.40682238],[  50.16090745 3503.02252456],[3949.90544069  524.4924731 ],[3949.42599965  926.11497113],[3950.        1333.2336611],[3950.         1804.46557882],[3949.79859991 2207.28697315],[3949.98999779 2647.00447857],[3950.      3079.48275],[3949.91496843 3514.96350417],[  50.10227245 3950.        ],[ 534.29017281 3950.        ],[ 954.52013466 3949.95085994],[1357.24066776 3950.        ],[1783.05232844 3949.98713437],[2232.00985808 3949.99170163],[2666.67926237 3949.74054802],[3120.30485662 3950.        ],[3523.47669504 3950.        ],[3949.73915146 3948.36171265],[50. 50.],[486.71365884  50.12642302],[908.69559338  50.00587713],[1337.0779163   50.       ],[1780.98087407   50.20649788],[2211.24439422   50.        ],[2698.0697715    50.06559213],[3100.90616334   50.04812384],[3515.26704726   50.05414844],[3949.90595639   50.        ],[1089.8881916 2465.0214008],[3044.20275567 1034.86013271],[1463.43971281 2023.85215319],[2788.94524727 3363.09006939],[2383.62835195 2227.23630212],[2495.52199262 1612.34105679],[1609.55125771 3079.3061339 ],[3162.30555804 2391.0902658 ],[1552.28365952 1558.89841795],[ 555.99525141 1364.34462634],[2874.37532785 2864.47253102],[2556.59847969  439.97912819],[2058.18156367 3488.19784727],[2208.58521786 1130.09791841]
[ 50.28706498 497.15960863],[ 50.02343697 918.99778114],[  50.02383916 1359.41541144],[  50.0422863  1789.81252338],[  50.10244576 2199.13193401],[  50.13999886 2652.78006378],[  50.07215909 3083.12373509],[  50.12122369 3502.98285651],[3949.99701311  524.58426038],[3949.7987726   926.47231089],[3949.86772802 1332.75426258],[3949.91710239 1804.34530788],[3949.99277703 2207.48095441],[3950.         2647.09490156],[3949.91210711 3078.85812497],[3949.68746066 3514.7359964 ],[  50.02672598 3949.93629171],[ 534.12858837 3949.98008353],[ 954.82647441 3950.        ],[1357.17369515 3950.        ],[1783.03443002 3949.94618219],[2232.00985808 3949.99170163],[2666.55874943 3949.62003508],[3120.26167884 3949.96830799],[3523.34201904 3949.96317183],[3949.73521984 3948.35778103],[50. 50.],[486.62058391  50.08163103],[908.69694097  50.00721215],[1336.91680121   50.19448096],[1780.93201544   50.15501539],[2211.48762629   50.        ],[2698.0697715    50.06559213],[3100.98072173   50.09518027],[3515.26704726   50.05414844],[3948.82121446   50.        ],[1089.8881916 2465.0214008],[3044.00409923 1034.66147627],[1463.43971281 2023.85215319],[2789.11923902 3363.26406114],[2383.81470471 2227.42265488],[2495.55641694 1612.37548111],[1609.55282652 3079.30770271],[3162.49206625 2391.27677401],[1552.21806204 1558.83282047],[ 555.87795998 1364.22732775],[2874.37532785 2864.47253102],[2556.44503712  439.82568562],[2058.58290455 3488.59918815],[2208.79982258 1130.31252034]
[ 50.39086257 497.26340622],[ 50.00227574 919.19047105],[  50.0327855 1359.4536903],[  50.01305754 1789.80315865],[  50.11965749 2199.14914577],[  50.00399581 2652.7062446 ],[  50.03871763 3083.07523443],[  50.03794994 3502.88196892],[3949.99701934  524.58461633],[3949.98996888  926.63230086],[3949.98360835 1332.87010949],[3949.90524136 1804.31269611],[3949.97764922 2207.46599361],[3949.98984513 2647.00395368],[3949.96723736 3078.91280515],[3949.95127867 3515.0013728 ],[  50.06456143 3949.98392898],[ 534.08905154 3949.94215059],[ 954.56309795 3949.98812728],[1356.90386025 3949.94629989],[1783.06257622 3949.97890445],[2231.96100026 3949.97392724],[2666.8434721 3949.9951993],[3120.1854116  3949.90740879],[3523.38964823 3949.98188964],[3949.97209664 3948.59559773],[50.10124259 50.10124259],[486.80414946  50.19904057],[908.68436357  50.01476561],[1337.15960799   50.01142387],[1780.76764494   50.02301708],[2211.68404969   50.0040386 ],[2698.03972802   50.00183872],[3101.2460673    50.00303539],[3515.28271582   50.09818741],[3949.89680772   50.00026879],[1089.93808796 2465.07129716],[3044.26866288 1034.92603992],[1463.22745589 2023.63989627],[2788.97654345 3363.12136557],[2383.62879064 2227.23674081],[2495.5415964  1612.36066057],[1609.39144976 3079.14632595],[3162.52440703 2391.30911479],[1552.36317563 1558.97793406],[ 555.99390196 1364.34326989],[2874.20994136 2864.30714453],[2556.61845154  439.99910004],[2058.70090589 3488.71718949],[2208.94002727 1130.45272449]
[ 50.24149764 497.10377099],[ 50.04809552 919.01791388],[  50.005229  1359.0419308],[  50.19617872 1789.99850331],[  50.11218943 2199.14167768],[  50.23380999 2652.87387492],[  50.35511041 3083.40682238],[  50.13711654 3502.99873918],[3949.90544069  524.4924731 ],[3949.42599965  926.11497113],[3950.        1333.2336611],[3949.98278953 1804.43644205],[3949.99799673 2207.70850691],[3950.         2647.18555336],[3949.91796744 3078.8631777 ],[3949.69801105 3514.74654679],[  50.10227245 3950.        ],[ 534.29017281 3950.        ],[ 954.52013466 3949.95085994],[1357.24066776 3950.        ],[1783.00888488 3949.94424896],[2232.00985808 3949.99170163],[2666.65515978 3949.71644543],[3120.30236216 3949.99750554],[3523.39167333 3949.97783512],[3949.7506514  3948.37321259],[50. 50.],[486.71365884  50.12642302],[908.69559338  50.00587713],[1337.20056455   50.4782443 ],[1780.97538995   50.20101376],[2211.24439422   50.        ],[2698.0697715    50.06559213],[3100.9490422    50.05728504],[3515.28090542   50.06801874],[3948.81385375   50.        ],[1089.89984899 2465.03305819],[3044.23140557 1034.88878261],[1463.43971281 2023.85215319],[2788.94859353 3363.09341565],[2383.62030831 2227.22825848],[2495.55796922 1612.37703339],[1609.50074944 3079.25562563],[3162.30555804 2391.0902658 ],[1552.28365952 1558.89841795],[ 555.92464012 1364.27400788],[2874.37532785 2864.47253102],[2556.44112645  439.82177495],[2058.25076918 3488.26705278],[2208.69830528 1130.21100463]
[ 50.0223173  496.83780374],[ 50.71867664 919.90715964],[  50.62482777 1360.06683177],[  50.14182023 1789.98904053],[  50.12084844 2199.15033754],[  50.         2652.47362837],[  50.         3082.88912334],[  50.10373051 3502.96539379],[3949.98510424  524.57361791],[3949.99017819  926.63228132],[3949.79982528 1332.68602652],[3950.       1804.482897],[3949.7126269  2207.35299041],[3950.         2647.21877227],[3950.      3079.48275],[3950.         3515.51057916],[  50.08935887 3949.98855206],[ 534.10598267 3949.96125079],[ 954.47624507 3949.85515117],[1356.88576372 3949.99648101],[1783.04370102 3949.98635711],[2232.02416318 3949.96636093],[2666.90726386 3950.        ],[3119.91174397 3949.63259388],[3523.36629453 3949.98744733],[3950.         3948.71023781],[50.30064944 50.30064944],[486.77259313  50.18157722],[908.63007985  50.        ],[1336.80776788   50.        ],[1780.79299453   50.01331333],[2211.66218963   50.00278171],[2697.98780366   50.00120902],[3101.24493866   50.00286094],[3515.22082331   50.00803634],[3949.90613749   50.00041494],[1090.10780297 2465.24101217],[3044.098765   1034.75614204],[1463.54133735 2023.95377773],[2789.15428704 3363.29910916],[2383.95195277 2227.55990294],[2495.79569098 1612.61475515],[1609.55910176 3079.31397795],[3162.81378133 2391.59848909],[1552.35916727 1558.9739257 ],[ 556.23570787 1364.58505413],[2874.03853842 2864.13574159],[2556.61646919  439.99711769],[2058.50285103 3488.51913463],[2208.9555241  1130.46821996]
[ 50.05922827 496.88042043],[ 50.05230355 919.23989939],[  50.11195336 1359.5411267 ],[  50.02564078 1789.87296292],[  50.17695331 2199.2064423 ],[  50.00434687 2652.70895556],[  50.         3082.94685175],[  50.         3502.68837823],[3949.99703561  524.58551992],[3949.98962948  926.63232626],[3950.         1332.91025143],[3949.89862896 1804.30457625],[3949.99288653 2207.48112822],[3950.         2647.07915852],[3949.96903731 3078.91686907],[3949.96223703 3515.0107368 ],[  50.08935887 3949.98855206],[ 534.10443344 3949.95937668],[ 954.37728145 3949.80801915],[1356.73443207 3949.84514375],[1782.5396375  3949.48272923],[2231.39885281 3949.42209771],[2666.60395401 3949.7713007 ],[3120.22106488 3949.94089386],[3523.38800971 3949.98870259],[3949.98735925 3948.62115424],[50.27345582 50.27345582],[486.85375662  50.26274071],[908.40815078  50.        ],[1337.17935367   50.02856824],[1780.78131871   50.00231667],[2211.70662707   50.11232958],[2697.99376386   50.00128253],[3101.19013003   50.        ],[3515.32487757   50.11203944],[3949.91887428   50.00680419],[1090.20329148 2465.33650068],[3044.25652668 1034.91390372],[1462.86503588 2023.27747626],[2788.97103663 3363.11585875],[2383.58813371 2227.19608388],[2495.5221102  1612.34117437],[1609.75001944 3079.50489563],[3162.3866686  2391.17137636],[1552.36763483 1558.98239326],[ 556.01413091 1364.36347716],[2874.70802483 2864.805228  ],[2556.13662731  439.51727581],[2058.72997849 3488.74626209],[2208.93605022 1130.44874759]
[ 50.0223173  496.83780374],[ 50.00370349 919.19120075],[  50.03083916 1359.45206955],[  50.14286068 1789.98259836],[  50.11963567 2199.14912458],[  50.04397125 2652.73513332],[  50.00310144 3082.91905093],[  50.04185548 3502.90351876],[3949.98510424  524.57361791],[3949.98966135  926.6323677 ],[3949.90363201 1332.78981697],[3949.91394767 1804.31989496],[3949.99877569 2207.61378884],[3949.98958749 2647.00312708],[3949.9693578  3078.91759287],[3949.82968665 3514.87818956],[  50.08935887 3949.98855206],[ 534.10598267 3949.96125079],[ 954.60900765 3949.99655235],[1356.88576372 3949.99648101],[1783.04370102 3949.98635711],[2232.05780225 3950.        ],[2666.87985093 3949.99745726],[3120.22568505 3949.9435723 ],[3523.36123714 3949.98238993],[3950.         3948.82973918],[50.14734011 50.14734011],[486.91826058  50.32724467],[908.70120835  50.01143971],[1337.16994849   50.02034541],[1781.03302045   50.25389783],[2211.66218963   50.00278171],[2697.98780366   50.00120902],[3101.24493866   50.00286094],[3515.22972839   50.01694143],[3949.90610731   50.00034578],[1090.10780297 2465.24101217],[3044.07904297 1034.73642001],[1463.19214747 2023.60458785],[2788.91116873 3363.05599085],[2383.95195277 2227.55990294],[2495.52208937 1612.34115354],[1609.55779442 3079.31267061],[3162.59139298 2391.37610074],[1552.32977035 1558.94452878],[ 556.20082374 1364.55016999],[2874.03853842 2864.13574159],[2556.58075418  439.96140268],[2058.50285103 3488.51913463],[2208.93688906 1130.44958682]
[ 50.05922827 496.88042043],[ 50.05230355 919.23989939],[  50.16586095 1359.59503429],[  50.02564078 1789.87296292],[  50.11470319 2199.14419218],[  50.00434687 2652.70895556],[  50.         3082.94685175],[  50.         3502.68837823],[3949.99703561  524.58551992],[3949.98962948  926.63232626],[3949.97356932 1332.86074443],[3949.91394767 1804.31989496],[3949.99288653 2207.48112822],[3950.         2647.07915852],[3949.96903731 3078.91686907],[3949.96223703 3515.0107368 ],[  50.08935887 3949.98855206],[ 534.10443344 3949.95937668],[ 954.37728145 3949.80801915],[1356.88576631 3949.996478  ],[1783.0431478  3949.98623953],[2231.53591712 3949.55916202],[2666.60395401 3949.7713007 ],[3120.22106488 3949.94089386],[3523.38800971 3949.98870259],[3949.98917455 3948.62296954],[50.27345582 50.27345582],[486.72682996  50.13581405],[908.51230264  50.        ],[1337.17935367   50.02856824],[1780.80033498   50.02133294],[2211.59429749   50.        ],[2697.99376386   50.00128253],[3101.19013003   50.        ],[3515.32487757   50.11203944],[3949.91324144   50.00117135],[1089.94647855 2465.07968775],[3044.25652668 1034.91390372],[1463.18975898 2023.60219936],[2788.97103663 3363.11585875],[2383.58813371 2227.19608388],[2495.5221102  1612.34117437],[1609.5440327  3079.29890889],[3162.54916426 2391.33387202],[1552.36763483 1558.98239326],[ 556.01413091 1364.36347716],[2874.70802483 2864.805228  ],[2556.13662731  439.51727581],[2058.72997849 3488.74626209],[2208.93605022 1130.44874759]
[ 50.3043713  497.17691496],[ 50.         918.96981836],[  50.10503082 1359.54675878],[  50.03253547 1789.87882075],[  50.         2198.67413466],[  50.         2652.66342043],[  50.02056098 3083.07227295],[  50.28641256 3503.14802967],[3949.87654169  524.46503478],[3950.          926.72836621],[3949.98016496 1332.8662713 ],[3949.91159095 1804.31758554],[3950.         2207.49014609],[3949.989534   2647.00299439],[3949.96977124 3078.91852097],[3950.         3515.06890369],[  50.01654444 3949.88722022],[ 533.9137783  3949.76823421],[ 954.1591515 3949.5900471],[1356.8857897  3949.99645092],[1783.05232844 3949.98713437],[2232.00985808 3949.99170163],[2666.82739426 3949.93051958],[3120.17282762 3949.89574991],[3523.19807555 3949.78423734],[3949.99298745 3948.6155464 ],[50.69751155 50.69751155],[487.22313792  50.6359021 ],[908.73374119  50.04402494],[1337.15661377   50.00257689],[1780.80089223   50.02287105],[2211.68540146   50.00423205],[2698.02691724   50.00150408],[3100.75832812   50.        ],[3515.11995571   50.        ],[3949.77306489   50.        ],[1089.94925366 2465.08246286],[3044.46611404 1035.12349108],[1463.52850097 2023.94094135],[2788.91238548 3363.0572076 ],[2383.82728593 2227.4352361 ],[2495.49792803 1612.3169922 ],[1609.43530529 3079.19018148],[3162.46563387 2391.25034163],[1552.48950464 1559.10426307],[ 556.04637601 1364.39575094],[2874.20512307 2864.30232624],[2556.59847969  439.97912819],[2057.89939882 3487.91568242],[2208.97012247 1130.48281833]
[ 50.15383281 496.9753606 ],[ 50.05977062 919.24825362],[  50.03255457 1359.44446614],[  50.25680637 1789.85379772],[  50.00144857 2199.03093682],[  50.03629281 2652.66022179],[  50.56854779 3083.62016895],[  50.         3502.80424458],[3949.93647145  524.52457819],[3949.60993974  926.46075793],[3949.88981008 1332.77601132],[3949.56365169 1803.96929402],[3949.99288653 2207.48112822],[3949.597161   2646.61070059],[3950.         3079.16826193],[3949.91518804 3514.96372378],[  50.3565943 3950.       ],[ 534.1304357 3949.9823268],[ 954.55558525 3949.98622537],[1356.8857897  3949.99645092],[1783.00291765 3949.93800685],[2232.17500708 3950.        ],[2666.54829618 3949.71564287],[3120.22712238 3949.94279452],[3523.18582007 3949.80697287],[3950.         3948.71023781],[50. 50.],[486.67854903  50.09050319],[908.73077262  50.11935305],[1337.0779163   50.       ],[1779.93306712   50.10872629],[2211.48026938   50.        ],[2698.03784618   50.00220735],[3101.25491434   50.17201594],[3515.33633808   50.12349994],[3948.99866017   50.        ],[1090.04878091 2465.18199011],[3044.20505481 1034.86243185],[1463.19464742 2023.6070878 ],[2788.96197856 3363.10680068],[2384.15588897 2227.76383914],[2495.54771165 1612.36677582],[1609.43530529 3079.19018148],[3162.59997482 2391.38468258],[1552.30318397 1558.9179424 ],[ 555.85654181 1364.20590424],[2874.09299141 2864.19019458],[2556.81955979  440.20020829],[2058.68043862 3488.69672222],[2208.9555241  1130.46821996]
[ 50.         496.82539838],[ 50.02907325 918.99889161],[  50.02993911 1359.47166706],[  50.09676744 1789.6647259 ],[  50.19534905 2199.22483765],[  50.01816942 2652.69424747],[  50.02056098 3083.07227295],[  50.0677755 3502.9293926],[3949.82999848  524.41703088],[3949.42599965  926.11497113],[3950.        1333.2336611],[3950.         1804.46557882],[3949.79859991 2207.28697315],[3950.         2647.01703449],[3949.89141457 3078.83662483],[3949.91496843 3514.96350417],[  50.         3949.68031031],[ 533.6333629  3949.48781881],[ 954.60497761 3950.        ],[1356.91008235 3949.7363872 ],[1783.33237537 3950.        ],[2232.00985808 3949.99170163],[2666.64248731 3949.809834  ],[3120.40501104 3950.        ],[3523.63668109 3949.91327757],[3949.88350639 3948.50606758],[50.69751155 50.69751155],[486.71365884  50.12642302],[908.73374119  50.04402494],[1337.15661377   50.00257689],[1780.61605873   50.        ],[2211.68540146   50.00423205],[2697.83294403   50.        ],[3100.8580395   50.       ],[3515.55478537   50.34242194],[3949.94208996   50.16902507],[1089.82931163 2464.96252083],[3044.46611404 1035.12349108],[1463.52850097 2023.94094135],[2788.94524727 3363.09006939],[2383.95471182 2227.56266199],[2495.56305703 1612.3821212 ],[1609.15076392 3078.90564011],[3162.69042848 2391.47513624],[1552.10867301 1558.72343144],[ 555.57671627 1363.92606253],[2873.84044773 2863.9376509 ],[2556.59847969  439.97912819],[2058.80357887 3488.81986247],[2208.93688906 1130.44958682]
[ 50.28219624 497.1377346 ],[ 50.         918.96981836],[  50.02993911 1359.47166706],[  50.09676744 1789.6647259 ],[  50.17116353 2199.20065223],[  50.0135619  2652.69915016],[  50.02056098 3083.07227295],[  50.0677755 3502.9293926],[3949.99700899  524.58404139],[3949.98962948  926.63232626],[3949.91772983 1332.80425569],[3949.91710239 1804.34530788],[3949.79859991 2207.28697315],[3950.         2647.01703449],[3949.89141457 3078.83662483],[3949.93079734 3514.97931971],[  50.07106652 3949.9417423 ],[ 533.9137783  3949.76823421],[ 954.60497761 3950.        ],[1356.87812761 3949.79923452],[1783.23615059 3949.99545237],[2232.00985808 3949.99170163],[2666.64248731 3949.809834  ],[3120.20584907 3949.92656967],[3523.63668109 3949.91327757],[3949.95912019 3948.60827064],[50.55615964 50.55615964],[487.10823058  50.52099476],[908.73374119  50.04402494],[1337.15661377   50.00257689],[1780.67719338   50.00750161],[2211.6799366    50.00388361],[2698.01586612   50.00143023],[3100.8580395   50.       ],[3515.31436662   50.10200319],[3949.77306489   50.        ],[1089.8881916 2465.0214008],[3044.46611404 1035.12349108],[1463.41558697 2023.82802735],[2788.91238548 3363.0572076 ],[2383.95471182 2227.56266199],[2495.54940808 1612.36847225],[1609.24984126 3079.00471745],[3162.69042848 2391.47513624],[1552.10867301 1558.72343144],[ 555.86403599 1364.21338056],[2874.13768969 2864.23489286],[2556.59847969  439.97912819],[2058.73223416 3488.74851776],[2208.93688906 1130.44958682]
[ 50.05034481 496.88007392],[ 50.14433165 919.33196735],[  50.03287625 1359.46106986],[  50.03253547 1789.87882075],[  50.12758039 2199.15706939],[  50.02548122 2652.72786173],[  50.02960326 3083.07931846],[  50.04185642 3502.90352096],[3949.99703573  524.58552881],[3950.          926.84598873],[3949.97661999 1332.86401098],[3949.91159095 1804.31758554],[3950.         2207.70591339],[3949.989534   2647.00299439],[3949.96977124 3078.91852097],[3949.4988134  3514.54731586],[  50.08590994 3949.98832914],[ 533.4747203  3949.32961985],[ 954.54863421 3949.97952981],[1356.62135602 3949.44766087],[1783.05232844 3949.98713437],[2231.97921246 3949.98442348],[2666.82082179 3949.98816847],[3120.22436244 3949.94728473],[3523.63668109 3949.91327757],[3949.87013109 3948.51763215],[50.69751155 50.69751155],[486.77131914  50.18121723],[908.93684526  50.24707348],[1337.41660576   50.26572982],[1780.9155435    50.13752232],[2211.68540146   50.00423205],[2697.99757014   50.00118636],[3101.23489441   50.00271328],[3515.4163752    50.21520267],[3949.91000377   50.00082718],[1089.94925366 2465.08246286],[3044.25655516 1034.9139322 ],[1463.18548126 2023.59792164],[2788.78316023 3362.92798235],[2383.95471182 2227.56266199],[2495.40492186 1612.22398603],[1609.18264897 3078.93752516],[3162.69042848 2391.47513624],[1552.3614489  1558.97620733],[ 555.78885239 1364.13819865],[2874.22646239 2864.32366556],[2556.61440768  439.99505618],[2058.70826077 3488.72454437],[2208.73442934 1130.24712989]
[ 50.46480599 497.33734964],[ 50.23652296 919.42500596],[  50.70484591 1360.14684991],[  50.         1789.46142554],[  50.11218943 2199.14167768],[  50.         2652.67397319],[  50.4219163  3083.47353746],[  50.04282953 3502.90430811],[3949.99700899  524.58404139],[3949.99017819  926.63228132],[3950.         1332.98746008],[3950.         1804.67491328],[3949.9492728  2207.71536618],[3950.         2647.18555336],[3949.93520376 3078.88041402],[3949.69801105 3514.74654679],[  50.0518904  3949.98696759],[ 534.10295995 3949.95497924],[ 954.60497761 3950.        ],[1356.8857897  3949.99645092],[1783.00291765 3949.93800685],[2232.4073093 3950.       ],[2666.64248731 3949.809834  ],[3120.2855923 3950.       ],[3523.39167333 3949.97783512],[3950.        3948.8167804],[50.00784866 50.00784866],[486.12925865  50.        ],[908.86677265  50.17680918],[1337.20056455   50.4782443 ],[1780.69453319   50.        ],[2211.42084179   50.        ],[2697.86848151   50.        ],[3101.29216178   50.00346909],[3515.13099072   50.        ],[3948.76765214   50.        ],[1090.13394407 2465.26715327],[3044.46611404 1035.12349108],[1463.34310305 2023.75554343],[2788.720131   3362.86495312],[2383.62258995 2227.23054012],[2495.59123478 1612.41029895],[1609.43530529 3079.19018148],[3162.62525756 2391.40996532],[1552.62506719 1559.23982562],[ 555.92464012 1364.27400788],[2874.09299141 2864.19019458],[2556.40217911  439.7828276 ],[2058.73336199 3488.74964559],[2208.95152401 1130.46421987]
[ 50.02555784 496.84675   ],[ 50.         918.96981836],[  50.02993911 1359.47166706],[  50.         1789.46142554],[  50.11470319 2199.14419218],[  50.         2652.58108904],[  50.02056098 3083.07227295],[  50.0677755 3502.9293926],[3950.          524.77294434],[3949.98962948  926.63232626],[3949.98016496 1332.8662713 ],[3949.85465932 1804.2606066 ],[3949.93654801 2207.42492125],[3949.98999779 2647.00447857],[3950.         3079.30476431],[3950.         3515.06890369],[  50.08935887 3949.98855206],[ 533.90389817 3949.75835408],[ 954.19273207 3949.62337219],[1356.88343292 3949.99409414],[1783.06244043 3950.        ],[2232.00985808 3949.99170163],[2666.8739233 3950.       ],[3119.88598487 3949.60581385],[3523.66670333 3949.9432998 ],[3950.         3948.83853089],[50.52582154 50.52582154],[487.10823058  50.52099476],[908.73374119  50.04402494],[1337.15661377   50.00257689],[1780.98830704   50.209305  ],[2211.66900688   50.00318674],[2698.02691724   50.00150408],[3100.8580395   50.       ],[3515.32587064   50.11298703],[3949.77306489   50.        ],[1090.02129205 2465.15450125],[3044.46611404 1035.12349108],[1463.52850097 2023.94094135],[2789.08398257 3363.22880469],[2383.54367041 2227.15162058],[2495.56305703 1612.3821212 ],[1609.43530529 3079.19018148],[3162.52469924 2391.309407  ],[1552.40237176 1559.01713019],[ 556.02055709 1364.36993202],[2874.09031168 2864.18751485],[2556.91104585  440.29169435],[2058.72997849 3488.74626209],[2208.97012247 1130.48281833]
[ 50.39015875 497.21168654],[ 50.1241846  919.09400296],[  50.42593772 1359.83784929],[  50.         1789.77531183],[  50.08713428 2199.11662253],[  50.42589644 2653.04982542],[  50.05403553 3083.1057475 ],[  50.         3502.76189957],[3949.99850449  524.68320462],[3949.90275382  926.75357202],[3949.53051387 1332.41662022],[3950.        1804.6706124],[3949.99288653 2207.48112822],[3950.         2647.09490156],[3949.97015727 3078.91940555],[3949.67088148 3514.71941722],[  50.         3949.86287998],[ 534.1304357 3949.9823268],[ 954.65570708 3950.        ],[1357.20761313 3950.        ],[1782.87646019 3949.8137736 ],[2231.92480944 3949.76901946],[2666.55874943 3949.62003508],[3120.29238431 3949.98752769],[3523.18582007 3949.80697287],[3949.73341534 3948.35597731],[50. 50.],[486.3574709  50.       ],[908.70451125  50.09309168],[1337.15661377   50.00257689],[1779.89516306   50.07082223],[2211.67996178   50.00377743],[2697.8894786   50.       ],[3101.0828984   50.       ],[3515.37629644   50.16345831],[3948.99866017   50.        ],[1090.16035745 2465.29356665],[3044.20505481 1034.86243185],[1463.19464742 2023.6070878 ],[2788.75714071 3362.90196283],[2383.91477628 2227.52272645],[2495.64253608 1612.46160025],[1609.55125771 3079.3061339 ],[3162.7135372  2391.49824496],[1552.20314711 1558.81790554],[ 556.11718807 1364.4665505 ],[2874.09299141 2864.19019458],[2556.50866705  439.88931555],[2058.64283539 3488.65911899],[2208.79982258 1130.31252034]
[ 50.15383281 496.9753606 ],[ 50.00089188 918.99333926],[  50.13474049 1359.54665206],[  50.0299805  1789.62697185],[  50.11357184 2199.1430598 ],[  50.03629281 2652.66022179],[  50.02241468 3083.07403584],[  50.04282953 3502.90430811],[3949.9970296   524.58513635],[3949.90275382  926.75357202],[3949.96319736 1332.84939861],[3949.91665171 1804.34167746],[3949.99288653 2207.48112822],[3949.76145014 2646.77498974],[3949.97015727 3078.91940555],[3950.         3515.15399631],[  50.22862464 3949.99832068],[ 533.75142429 3949.60331539],[ 954.55558525 3949.98622537],[1356.8857897  3949.99645092],[1782.4103297 3949.3476431],[2231.84529805 3949.68950807],[2666.90510247 3949.9815397 ],[3120.22712238 3949.94279452],[3523.25623043 3949.87738322],[3950.         3948.81583748],[50.16580795 50.16580795],[486.67854903  50.09050319],[908.61362717  50.0022076 ],[1337.16329433   50.00777953],[1779.82434083   50.        ],[2211.67996178   50.00377743],[2698.03784618   50.00220735],[3101.0828984   50.       ],[3515.36870854   50.15587041],[3948.99866017   50.        ],[1089.66582289 2464.79903209],[3044.83807831 1035.49545535],[1463.26040348 2023.67284386],[2788.96197856 3363.10680068],[2383.91477628 2227.52272645],[2495.3443766  1612.16344077],[1609.51032258 3079.26519877],[3162.56116173 2391.34586949],[1552.40237176 1559.01713019],[ 555.93814089 1364.28750332],[2874.22708624 2864.32428941],[2556.50866705  439.88931555],[2058.92091802 3488.93720162],[2208.83879912 1130.35149838]
[ 50.39142701 497.26397067],[ 50.44899136 919.63648862],[  50.         1359.29123641],[  50.         1789.26365613],[  50.11357184 2199.1430598 ],[  50.         2652.54288953],[  50.27570343 3083.32732459],[  50.04282953 3502.90430811],[3949.99700899  524.58404139],[3949.94278041  926.58548676],[3949.90363201 1332.78981697],[3949.88917191 1804.2951192 ],[3949.79859991 2207.28697315],[3949.72024096 2646.73472174],[3949.9693578  3078.91759287],[3949.82968665 3514.87818956],[  50.0518904  3949.98696759],[ 534.10295995 3949.95497924],[ 954.71419971 3950.        ],[1356.8857897  3949.99645092],[1782.69749734 3949.63258654],[2232.00985808 3949.99170163],[2666.64248731 3949.809834  ],[3120.177711   3949.89211869],[3523.47669504 3950.        ],[3950.         3948.82973918],[50.17523841 50.17523841],[486.3668534  50.       ],[908.70249951  50.01253604],[1336.91349136   50.        ],[1780.96322329   50.26869009],[2211.68540146   50.00423205],[2697.7100209   50.       ],[3101.08572361   50.        ],[3515.31436662   50.10200319],[3949.90595639   50.        ],[1090.13394407 2465.26715327],[3044.46611404 1035.12349108],[1463.34310305 2023.75554343],[2789.06231702 3363.20713914],[2383.68758037 2227.29553054],[2495.63927696 1612.45834113],[1609.41454274 3079.16941893],[3162.62525756 2391.40996532],[1552.32134414 1558.93610257],[ 555.99525141 1364.34462634],[2874.09299141 2864.19019458],[2556.59847969  439.97912819],[2058.73336199 3488.74964559],[2208.93688906 1130.44958682]
[ 50.39142701 497.26397067],[ 50.23652296 919.42500596],[  50.35979178 1359.80179578],[  50.13173406 1789.5931596 ],[  50.11357184 2199.1430598 ],[  50.         2652.67397319],[  50.02241468 3083.07403584],[  50.04282953 3502.90430811],[3949.99700899  524.58404139],[3949.99017819  926.63228132],[3950.         1333.13516627],[3949.90052083 1804.30616316],[3949.79859991 2207.28697315],[3949.98999779 2647.00447857],[3950.      3079.48275],[3949.80881506 3514.8573508 ],[  50.1378672 3950.       ],[ 534.10295995 3949.95497924],[ 954.60497761 3950.        ],[1357.20271301 3950.        ],[1782.76172747 3949.69681666],[2232.16482578 3950.        ],[2666.68041572 3949.84776241],[3119.73482333 3949.44923102],[3523.45981329 3949.98311825],[3950.         3948.81551545],[50. 50.],[486.3668534  50.       ],[908.70249951  50.01253604],[1337.10716237   50.02924607],[1780.80664314   50.03275866],[2211.90134253   50.22017312],[2697.86848151   50.        ],[3101.47556469   50.186872  ],[3515.53392358   50.32156016],[3949.90595639   50.        ],[1090.13394407 2465.26715327],[3044.96216361 1035.61954065],[1463.21201821 2023.62445859],[2788.54039194 3362.68521406],[2383.53577875 2227.14372892],[2495.59436003 1612.4134242 ],[1609.48463834 3079.23951453],[3162.62525756 2391.40996532],[1552.32134414 1558.93610257],[ 556.01410453 1364.36347946],[2874.09299141 2864.19019458],[2556.39149703  439.77214553],[2058.73336199 3488.74964559],[2208.9555241  1130.46821996]
[ 50.3954814  497.26802505],[ 50.23652296 919.42500596],[  50.62482777 1360.06683177],[  50.         1789.46142554],[  50.11357184 2199.1430598 ],[  50.         2652.67397319],[  50.27367137 3083.32529252],[  50.04282953 3502.90430811],[3949.99700899  524.58404139],[3949.99017819  926.63228132],[3949.88981008 1332.77601132],[3949.90052083 1804.30616316],[3949.79859991 2207.28697315],[3949.98999779 2647.00447857],[3950.      3079.48275],[3949.91496843 3514.96350417],[  50.07106652 3949.9417423 ],[ 534.10295995 3949.95497924],[ 954.60497761 3950.        ],[1356.87430811 3949.70061296],[1783.00291765 3949.93800685],[2232.00985808 3949.99170163],[2666.64248731 3949.809834  ],[3120.2855923 3950.       ],[3523.47669504 3950.        ],[3950.         3948.71023781],[50.69751155 50.69751155],[487.10823058  50.52099476],[908.70249951  50.01253604],[1337.0779163   50.       ],[1780.69453319   50.        ],[2211.68540146   50.00423205],[2697.86848151   50.        ],[3101.29216178   50.00346909],[3515.31436662   50.10200319],[3949.90595639   50.        ],[1090.13394407 2465.26715327],[3044.46611404 1035.12349108],[1463.52850097 2023.94094135],[2788.91238548 3363.0572076 ],[2383.95471182 2227.56266199],[2495.52199262 1612.34105679],[1609.43530529 3079.19018148],[3162.62525756 2391.40996532],[1552.32134414 1558.93610257],[ 555.99525141 1364.34462634],[2874.09299141 2864.19019458],[2556.59847969  439.97912819],[2058.73336199 3488.74964559],[2208.9555241  1130.46821996]
[ 50.08521909 496.90070553],[ 50.23652296 919.42500596],[  50.0834424  1359.51247755],[  50.14236043 1789.60378596],[  50.11357184 2199.1430598 ],[  50.02252855 2652.72713723],[  50.         3082.90707999],[  50.         3502.74163521],[3949.9142214  524.5012538],[3949.96596449  926.60806763],[3949.88981008 1332.77601132],[3949.90052083 1804.30616316],[3949.87030778 2207.35868101],[3949.98958749 2647.00312708],[3949.9693578  3078.91759287],[3949.91496843 3514.96350417],[  50.         3949.70093382],[ 533.81485449 3949.66687378],[ 954.61189751 3950.        ],[1356.8857897  3949.99645092],[1783.00291765 3949.93800685],[2232.00985808 3949.99170163],[2666.64248731 3949.809834  ],[3120.216213   3949.93706291],[3523.53539085 3950.        ],[3950.         3948.71023781],[50. 50.],[486.3668534  50.       ],[908.67970313  50.        ],[1337.31781907   50.23990277],[1780.91384742   50.21931423],[2211.68540146   50.00423205],[2697.92450568   50.05602416],[3101.29216178   50.00346909],[3515.41840697   50.20604354],[3949.90595639   50.        ],[1090.13394407 2465.26715327],[3044.098765   1034.75614204],[1463.34310305 2023.75554343],[2788.54870727 3362.69352939],[2383.79729303 2227.4052432 ],[2495.52199262 1612.34105679],[1609.43530529 3079.19018148],[3162.41864123 2391.20334899],[1552.32134414 1558.93610257],[ 555.99525141 1364.34462634],[2874.09299141 2864.19019458],[2556.59847969  439.97912819],[2058.73336199 3488.74964559],[2208.80944897 1130.32214672]
[ 50.3954814  497.26802505],[ 50.         918.83943715],[  50.02993911 1359.47166706],[  50.         1789.46142554],[  50.57515685 2199.60464481],[  50.19074302 2652.86471622],[  50.02056098 3083.07227295],[  50.         3502.78744389],[3949.89379842  524.48083083],[3949.98935675  926.63205354],[3949.94793059 1332.83403694],[3949.91710239 1804.34530788],[3950.         2207.55584058],[3949.98999779 2647.00447857],[3950.         3079.30476431],[3949.93011148 3514.99901516],[  50.07106652 3949.9417423 ],[ 533.9137783  3949.76823421],[ 954.1199957  3949.55063582],[1356.8857897  3949.99645092],[1783.63506277 3950.        ],[2232.00985808 3949.99170163],[2666.73321712 3949.83634244],[3120.17282762 3949.89574991],[3523.63668109 3949.91327757],[3949.99298745 3948.6155464 ],[50.69751155 50.69751155],[487.10823058  50.52099476],[908.73374119  50.04402494],[1337.15661377   50.00257689],[1780.82588258   50.20982385],[2211.68540146   50.00423205],[2698.0705307    50.04511754],[3100.8580395   50.       ],[3515.02561605   50.        ],[3949.77306489   50.        ],[1089.94124674 2465.07445594],[3044.46611404 1035.12349108],[1463.52850097 2023.94094135],[2788.91238548 3363.0572076 ],[2384.00173775 2227.60968792],[2495.49916336 1612.31822753],[1609.43530529 3079.19018148],[3162.52469924 2391.309407  ],[1552.40237176 1559.01713019],[ 555.99525141 1364.34462634],[2874.09299141 2864.19019458],[2556.59847969  439.97912819],[2058.26616882 3488.28245242],[2208.85624991 1130.36894577]
[ 50.28706498 497.15960863],[ 50.10040676 919.07022512],[  50.00976004 1359.34841273],[  50.0164654  1789.83003938],[  50.11288063 2199.14236874],[  50.20755215 2652.85164567],[  50.05403553 3083.1057475 ],[  50.16090745 3503.02252456],[3949.99813728  524.65878613],[3949.75830724  926.44727871],[3949.66697424 1332.55308058],[3949.91687681 1804.33952819],[3949.99248774 2207.55014412],[3950.         2647.09490156],[3949.88271066 3078.82792092],[3949.69537345 3514.74390919],[  50.         3949.86287998],[ 534.11737915 3949.96924266],[ 954.82647441 3950.        ],[1357.10171302 3949.99911941],[1783.02935852 3949.96637753],[2232.00985808 3949.99170163],[2666.58887766 3949.65016331],[3120.27348524 3949.97667805],[3523.33595017 3949.95710296],[3949.78227624 3948.40483743],[50. 50.],[486.69039011  50.11522502],[908.69559338  50.00587713],[1336.77486556   50.09724048],[1780.92181092   50.14678931],[2211.48762629   50.        ],[2697.8894786   50.       ],[3100.93440779   50.11857122],[3515.26704726   50.05414844],[3948.80758178   50.03992964],[1089.8881916 2465.0214008],[3044.3101928  1034.96756984],[1463.43971281 2023.85215319],[2789.25748348 3363.4023056 ],[2383.75812127 2227.36607144],[2495.55097472 1612.37003889],[1609.52544227 3079.28031846],[3162.52881941 2391.31352717],[1552.10616867 1558.7209271 ],[ 555.93660569 1364.28597704],[2874.37532785 2864.47253102],[2556.40217911  439.7828276 ],[2058.44108431 3488.45736791],[2208.7461714  1130.25886986]
[ 50.51077212 497.38331577],[ 50.         918.96981836],[  50.         1358.93988364],[  50.19617872 1789.99850331],[  50.11218943 2199.14167768],[  50.25404965 2652.87797864],[  50.46729741 3083.51900938],[  50.16090745 3503.02252456],[3949.56910099  524.1561334 ],[3949.97777617  926.62047296],[3950.         1332.89106679],[3949.67684327 1804.10504876],[3950.         2207.76609338],[3950.         2647.18555336],[3949.93520376 3078.88041402],[3949.69801105 3514.74654679],[  50.07106652 3949.9417423 ],[ 534.21607054 3949.92589773],[ 954.52013466 3949.95085994],[1357.24066776 3950.        ],[1783.05232844 3949.98713437],[2232.00985808 3949.99170163],[2666.76622473 3949.82751038],[3120.21045593 3949.93337822],[3523.39167333 3949.97783512],[3949.94409301 3948.60092119],[50.17628924 50.17628924],[487.10823058  50.52099476],[908.8647465   50.17503025],[1337.20056455   50.4782443 ],[1780.98087407   50.20649788],[2211.24439422   50.        ],[2698.0697715    50.06559213],[3100.70934631   50.        ],[3515.26704726   50.05414844],[3949.02934573   50.26169359],[1089.9956395 2465.1288487],[3044.20275567 1034.86013271],[1463.43971281 2023.85215319],[2788.91238548 3363.0572076 ],[2383.56322679 2227.17117696],[2495.26828037 1612.08734454],[1609.55125771 3079.3061339 ],[3162.30555804 2391.0902658 ],[1552.28365952 1558.89841795],[ 556.0097018  1364.35906957],[2874.23126072 2864.32846389],[2556.3962467  439.7768952],[2058.42001733 3488.43630093],[2208.58521786 1130.09791841]
[ 50.39142701 497.26397067],[ 50.         918.96981836],[  50.02993911 1359.47166706],[  50.09676744 1789.6647259 ],[  50.19534905 2199.22483765],[  50.01816942 2652.69424747],[  50.02056098 3083.07227295],[  50.0677755 3502.9293926],[3949.99700899  524.58404139],[3949.98962948  926.63232626],[3949.88981008 1332.77601132],[3949.91710239 1804.34530788],[3949.79859991 2207.28697315],[3950.         2647.01703449],[3949.89141457 3078.83662483],[3949.91496843 3514.96350417],[  50.0518904  3949.98696759],[ 533.9137783  3949.76823421],[ 954.60497761 3950.        ],[1356.8857897  3949.99645092],[1783.33237537 3950.        ],[2232.00985808 3949.99170163],[2666.64248731 3949.809834  ],[3120.17282762 3949.89574991],[3523.63668109 3949.91327757],[3949.94409301 3948.60092119],[50.00784866 50.00784866],[486.3668534  50.       ],[908.73374119  50.04402494],[1337.15661377   50.00257689],[1780.61605873   50.        ],[2211.68540146   50.00423205],[2698.02691724   50.00150408],[3100.8580395   50.       ],[3515.31436662   50.10200319],[3949.77306489   50.        ],[1089.8881916 2465.0214008],[3044.46611404 1035.12349108],[1463.34310305 2023.75554343],[2788.720131   3362.86495312],[2383.60630106 2227.21425123],[2495.56305703 1612.3821212 ],[1609.15076392 3078.90564011],[3162.69042848 2391.47513624],[1552.10867301 1558.72343144],[ 555.78885239 1364.13819865],[2874.09299141 2864.19019458],[2556.59847969  439.97912819],[2058.73336199 3488.74964559],[2208.93688906 1130.44958682]
[ 50.15383281 496.9753606 ],[ 50.00089188 918.99333926],[  50.03287625 1359.46106986],[  50.00381268 1789.60080403],[  50.08713428 2199.11662253],[  50.03629281 2652.66022179],[  50.         3082.86040413],[  50.         3502.80424458],[3949.9970296   524.58513635],[3949.98963606  926.63230798],[3949.9763163  1332.86350329],[3949.91665171 1804.34167746],[3949.99288653 2207.48112822],[3949.76145014 2646.77498974],[3949.97015727 3078.91940555],[3949.67088148 3514.71941722],[  50.22862464 3949.99832068],[ 534.1304357 3949.9823268],[ 954.55558525 3949.98622537],[1357.20761313 3950.        ],[1783.05232844 3949.98713437],[2231.92480944 3949.76901946],[2666.92154179 3949.99797902],[3120.25385779 3949.94675504],[3523.18582007 3949.80697287],[3949.99032761 3948.63782867],[50.27345582 50.27345582],[486.67854903  50.09050319],[908.70558329  50.01581151],[1337.18471692   50.03384099],[1780.80089223   50.02287105],[2211.67041646   50.00327465],[2698.03784618   50.00220735],[3101.0828984   50.       ],[3515.33633808   50.12349994],[3948.99866017   50.        ],[1089.94925366 2465.08246286],[3044.20505481 1034.86243185],[1463.19464742 2023.6070878 ],[2788.96197856 3363.10680068],[2383.57782701 2227.18577718],[2495.54771165 1612.36677582],[1609.29871634 3079.05359253],[3162.52017401 2391.30488177],[1552.30318397 1558.9179424 ],[ 556.00057535 1364.34993778],[2874.09299141 2864.19019458],[2556.50866705  439.88931555],[2058.68043862 3488.69672222],[2208.93599163 1130.44869218]
[ 50.28706498 497.15960863],[ 50.02907325 918.99889161],[  50.02162864 1359.4038352 ],[  50.         1789.80232459],[  50.10244576 2199.13193401],[  50.16936644 2652.79329542],[  50.07215909 3083.12373509],[  50.04195288 3502.9035977 ],[3949.99700899  524.58404139],[3949.7987726   926.47231089],[3949.86772802 1332.75426258],[3949.91710239 1804.34530788],[3949.99265415 2207.48091547],[3950.         2647.09490156],[3949.89759457 3078.84280483],[3949.96223703 3515.0107368 ],[  50.02672598 3949.93629171],[ 534.12812654 3949.97952271],[ 954.82647441 3950.        ],[1357.17369515 3950.        ],[1783.04370102 3949.98635711],[2232.00985808 3949.99170163],[2666.82323105 3949.99057774],[3120.2730453  3949.97611926],[3523.33595017 3949.95710296],[3949.73521984 3948.35778103],[50. 50.],[486.62058391  50.08163103],[908.69559338  50.00587713],[1336.91680121   50.19448096],[1780.90011912   50.12378936],[2211.48762629   50.        ],[2698.0697715    50.06559213],[3100.98072173   50.09518027],[3515.32587064   50.11298703],[3949.91324144   50.00117135],[1089.8881916 2465.0214008],[3043.98043279 1034.63780983],[1463.43971281 2023.85215319],[2788.97103663 3363.11585875],[2383.58813371 2227.19608388],[2495.55641694 1612.37548111],[1609.4485629  3079.20343909],[3162.46508911 2391.24979687],[1552.18278573 1558.79754416],[ 555.87795998 1364.22732775],[2874.37532785 2864.47253102],[2556.40217911  439.7828276 ],[2058.58290455 3488.59918815],[2208.79982258 1130.31252034]
[ 50.05034481 496.88007392],[ 50.04553988 919.23317558],[  50.22235311 1359.65054672],[  50.         1789.46142554],[  50.         2198.98806927],[  50.13629176 2652.81026495],[  50.02960326 3083.07931846],[  50.05491761 3502.91658215],[3949.99700899  524.58404139],[3949.98962948  926.63232626],[3949.7922687  1332.67965969],[3949.91710239 1804.34530788],[3949.99277852 2207.48114867],[3949.98999779 2647.00447857],[3950.         3079.30476431],[3949.96521666 3515.01371912],[  50.01349066 3949.91590986],[ 534.28114311 3950.        ],[ 954.19273207 3949.62337219],[1356.88573487 3949.99651441],[1783.0659735  3949.73359812],[2231.97921246 3949.98442348],[2666.88550235 3950.        ],[3119.98142619 3949.67432345],[3523.63668109 3949.91327757],[3949.99032761 3948.63782867],[50.27345582 50.27345582],[486.57941216  50.        ],[908.70558329  50.01581151],[1337.1971273    50.04625137],[1780.61605873   50.        ],[2211.67041646   50.00327465],[2697.99757014   50.00118636],[3101.23489441   50.00271328],[3515.34829359   50.13539477],[3949.91000377   50.00082718],[1089.96228962 2465.09549882],[3044.25655516 1034.9139322 ],[1463.33957777 2023.75201815],[2788.94936668 3363.0941888 ],[2383.9702977  2227.57824787],[2495.56305703 1612.3821212 ],[1609.40601405 3079.16089024],[3162.52017401 2391.30488177],[1552.3614489  1558.97620733],[ 555.9981544  1364.34750052],[2874.22646239 2864.32366556],[2556.32667401  439.70732251],[2058.72845565 3488.74473925],[2208.64379659 1130.15649714]
[ 50.39142701 497.26397067],[ 50.23652296 919.42500596],[  50.62482777 1360.06683177],[  50.16918964 1789.63061518],[  50.11357184 2199.1430598 ],[  50.33845105 2653.01242424],[  50.02172723 3083.07334839],[  50.04282953 3502.90430811],[3949.99700899  524.58404139],[3949.98701568  926.62911882],[3949.88981008 1332.77601132],[3950.         1804.47261086],[3949.79859991 2207.28697315],[3949.98999779 2647.00447857],[3950.      3079.48275],[3949.73332607 3514.78186181],[  50.0518904  3949.98696759],[ 533.7870195  3949.63903879],[ 954.60497761 3950.        ],[1356.54672419 3949.65738541],[1783.00291765 3949.93800685],[2232.00985808 3949.99170163],[2666.57712517 3949.74447185],[3120.2855923 3950.       ],[3523.47669504 3950.        ],[3950.         3948.71023781],[50.00784866 50.00784866],[486.3668534  50.       ],[908.6493967  50.       ],[1337.57974726   50.50183096],[1780.57226223   50.        ],[2211.52202279   50.        ],[2698.19295403   50.32447252],[3101.59284703   50.30415434],[3515.15314989   50.        ],[3949.9917559    50.08579951],[1090.13394407 2465.26715327],[3044.47133481 1035.12871185],[1463.34310305 2023.75554343],[2788.720131   3362.86495312],[2383.60630106 2227.21425123],[2495.52199262 1612.34105679],[1609.43530529 3079.19018148],[3162.72217318 2391.50688094],[1552.34970116 1558.96445959],[ 555.99525141 1364.34462634],[2874.09299141 2864.19019458],[2556.59847969  439.97912819],[2058.73336199 3488.74964559],[2208.59142141 1130.10411726]
[ 50.39142701 497.26397067],[ 50.         918.96981836],[  50.02993911 1359.47166706],[  50.00938007 1789.86072805],[  50.11357184 2199.1430598 ],[  50.         2652.67397319],[  50.02241468 3083.07403584],[  50.0677755 3502.9293926],[3949.99700899  524.58404139],[3949.98962948  926.63232626],[3949.98016496 1332.8662713 ],[3949.91710239 1804.34530788],[3949.79859991 2207.28697315],[3949.98999779 2647.00447857],[3950.         3079.30476431],[3949.98518093 3515.03371667],[  50.07106652 3949.9417423 ],[ 534.10295995 3949.95497924],[ 954.19273207 3949.62337219],[1356.8857897  3949.99645092],[1783.33237537 3950.        ],[2231.96058412 3949.983798  ],[2666.82951016 3949.99685685],[3120.17282762 3949.89574991],[3523.63668109 3949.91327757],[3949.99298745 3948.6155464 ],[50.69751155 50.69751155],[486.80335102  50.18842833],[908.73374119  50.04402494],[1337.16329433   50.00777953],[1780.61605873   50.        ],[2211.68540146   50.00423205],[2698.02691724   50.00150408],[3100.8580395   50.       ],[3515.34829359   50.13539477],[3949.90595639   50.        ],[1089.8881916 2465.0214008],[3044.46611404 1035.12349108],[1463.18879329 2023.60123367],[2789.00005577 3363.14487789],[2383.95471182 2227.56266199],[2495.52199262 1612.34105679],[1609.43530529 3079.19018148],[3162.52469924 2391.309407  ],[1552.40237176 1559.01713019],[ 555.99525141 1364.34462634],[2874.09299141 2864.19019458],[2556.59847969  439.97912819],[2058.26616882 3488.28245242],[2208.97012247 1130.48281833]
[ 50.15383281 496.9753606 ],[ 50.00089188 918.99333926],[  50.         1358.93988364],[  50.00381268 1789.60080403],[  50.08713428 2199.11662253],[  50.25404965 2652.87797864],[  50.         3082.86040413],[  50.         3502.80424458],[3949.9970296   524.58513635],[3949.90275382  926.75357202],[3950.        1333.2336611],[3949.91665171 1804.34167746],[3949.99288653 2207.48112822],[3949.76145014 2646.77498974],[3949.97015727 3078.91940555],[3949.69801105 3514.74654679],[  50.22862464 3949.99832068],[ 534.1304357 3949.9823268],[ 954.55558525 3949.98622537],[1357.20761313 3950.        ],[1782.87646019 3949.8137736 ],[2231.92480944 3949.76901946],[2666.67926237 3949.74054802],[3120.22712238 3949.94279452],[3523.39167333 3949.97783512],[3949.73341534 3948.35597731],[50. 50.],[486.67854903  50.09050319],[908.69559338  50.00587713],[1337.15661377   50.00257689],[1779.82434083   50.        ],[2211.24439422   50.        ],[2698.03784618   50.00220735],[3100.90616334   50.04812384],[3515.33633808   50.12349994],[3948.99866017   50.        ],[1090.04878091 2465.18199011],[3044.20505481 1034.86243185],[1463.19464742 2023.6070878 ],[2788.96197856 3363.10680068],[2383.62835195 2227.23630212],[2495.54771165 1612.36677582],[1609.55125771 3079.3061339 ],[3162.59997482 2391.38468258],[1552.30318397 1558.9179424 ],[ 556.00057535 1364.34993778],[2874.37532785 2864.47253102],[2556.50866705  439.88931555],[2058.68043862 3488.69672222],[2208.83879912 1130.35149838]
[ 50.3954814  497.26802505],[ 50.         918.96981836],[  50.02993911 1359.47166706],[  50.09676744 1789.6647259 ],[  50.19534905 2199.22483765],[  50.01816942 2652.69424747],[  50.02056098 3083.07227295],[  50.0677755 3502.9293926],[3949.99700899  524.58404139],[3949.98962948  926.63232626],[3949.66697424 1332.55308058],[3949.91710239 1804.34530788],[3949.79859991 2207.28697315],[3950.         2647.01703449],[3949.89141457 3078.83662483],[3949.91496843 3514.96350417],[  50.07106652 3949.9417423 ],[ 533.9137783  3949.76823421],[ 954.60497761 3950.        ],[1356.87430811 3949.70061296],[1783.33237537 3950.        ],[2232.00985808 3949.99170163],[2666.64248731 3949.809834  ],[3120.17282762 3949.89574991],[3523.33595017 3949.95710296],[3949.79665116 3948.41921235],[50.69751155 50.69751155],[487.10823058  50.52099476],[908.73374119  50.04402494],[1337.15661377   50.00257689],[1780.61605873   50.        ],[2211.48762629   50.        ],[2698.02691724   50.00150408],[3100.9438226    50.14205368],[3515.31436662   50.10200319],[3948.80758178   50.03992964],[1089.8881916 2465.0214008],[3044.46611404 1035.12349108],[1463.52850097 2023.94094135],[2789.25748348 3363.4023056 ],[2383.95471182 2227.56266199],[2495.56305703 1612.3821212 ],[1609.15076392 3078.90564011],[3162.69042848 2391.47513624],[1552.10616867 1558.7209271 ],[ 555.78885239 1364.13819865],[2874.09299141 2864.19019458],[2556.59847969  439.97912819],[2058.73336199 3488.74964559],[2208.93688906 1130.44958682]
[ 50.05034481 496.88007392],[ 50.00575717 919.19339287],[  50.03255457 1359.44446614],[  50.03253547 1789.87882075],[  50.12758039 2199.15706939],[  50.02548122 2652.72786173],[  50.02960326 3083.07931846],[  50.04185642 3502.90352096],[3949.99703573  524.58552881],[3949.90275382  926.75357202],[3949.97661999 1332.86401098],[3949.91159095 1804.31758554],[3949.99277852 2207.48114867],[3949.989534   2647.00299439],[3949.96977124 3078.91852097],[3949.96521666 3515.01371912],[  50.08590994 3949.98832914],[ 534.10485386 3949.95975341],[ 954.54863421 3949.97952981],[1356.88573487 3949.99651441],[1782.87646019 3949.8137736 ],[2231.97921246 3949.98442348],[2666.82082179 3949.98816847],[3120.22712238 3949.94279452],[3523.39232748 3949.97848927],[3949.73341534 3948.35597731],[50. 50.],[486.72931234  50.13921042],[908.61362717  50.0022076 ],[1337.15661377   50.00257689],[1779.82434083   50.        ],[2211.67996178   50.00377743],[2697.99757014   50.00118636],[3101.23489441   50.00271328],[3515.30539529   50.10422276],[3949.91000377   50.00082718],[1090.04878091 2465.18199011],[3044.25655516 1034.9139322 ],[1463.18548126 2023.59792164],[2788.94936668 3363.0941888 ],[2383.91477628 2227.52272645],[2495.52209847 1612.34116264],[1609.44871687 3079.20359306],[3162.59997482 2391.38468258],[1552.3614489  1558.97620733],[ 555.9981544  1364.34750052],[2874.22646239 2864.32366556],[2556.61440768  439.99505618],[2058.72845565 3488.74473925],[2208.83879912 1130.35149838]
[ 50.05562592 496.87715371],[ 50.         918.96981836],[  50.02993911 1359.47166706],[  50.09676744 1789.6647259 ],[  50.19534905 2199.22483765],[  50.25520322 2652.93128127],[  50.         3082.91813732],[  50.01407586 3502.87571959],[3950.          524.64675529],[3949.98962948  926.63232626],[3949.83659501 1332.72279625],[3950.         1804.54941679],[3949.79859991 2207.28697315],[3950.         2647.01703449],[3949.89141457 3078.83662483],[3950.         3515.19514624],[  50.0961726  3949.96684838],[ 533.9137783  3949.76823421],[ 954.54983221 3949.98052399],[1356.86645639 3949.97716742],[1783.27891298 3949.94653761],[2232.16608942 3950.        ],[2666.64248731 3949.809834  ],[3120.17282762 3949.89574991],[3523.43053707 3950.        ],[3949.6473014  3948.30412958],[50.91803418 50.91803418],[487.17207064  50.58483483],[909.03825799  50.34854084],[1337.15105775   50.        ],[1780.62179229   50.00573356],[2211.66579876   50.00299614],[2698.02691724   50.00150408],[3101.32031056   50.08622623],[3515.32487757   50.11203944],[3949.77306489   50.        ],[1089.8881916 2465.0214008],[3044.31953326 1034.9769103 ],[1463.52850097 2023.94094135],[2788.91238548 3363.0572076 ],[2383.95471182 2227.56266199],[2495.5845872  1612.40365137],[1609.47855361 3079.2334298 ],[3162.69042848 2391.47513624],[1552.3636501  1558.97840853],[ 555.78885239 1364.13819865],[2874.09299141 2864.19019458],[2556.59847969  439.97912819],[2058.72771731 3488.74400091],[2208.93688906 1130.44958682]
[ 50.39142701 497.26397067],[ 50.23652296 919.42500596],[  50.62482777 1360.06683177],[  50.09676744 1789.6647259 ],[  50.11357184 2199.1430598 ],[  50.         2652.67397319],[  50.02056098 3083.07227295],[  50.04282953 3502.90430811],[3949.99700899  524.58404139],[3949.99017819  926.63228132],[3949.88981008 1332.77601132],[3949.90052083 1804.30616316],[3949.79859991 2207.28697315],[3949.98999779 2647.00447857],[3950.      3079.48275],[3949.91496843 3514.96350417],[  50.0518904  3949.98696759],[ 534.10295995 3949.95497924],[ 954.60497761 3950.        ],[1356.8857897  3949.99645092],[1783.00291765 3949.93800685],[2232.00985808 3949.99170163],[2666.64248731 3949.809834  ],[3120.17282762 3949.89574991],[3523.47669504 3950.        ],[3950.         3948.71023781],[50.69751155 50.69751155],[486.3668534  50.       ],[908.70249951  50.01253604],[1337.0779163   50.       ],[1780.69453319   50.        ],[2211.68540146   50.00423205],[2698.02691724   50.00150408],[3100.8580395   50.       ],[3515.31436662   50.10200319],[3949.90595639   50.        ],[1090.13394407 2465.26715327],[3044.46611404 1035.12349108],[1463.34310305 2023.75554343],[2788.91238548 3363.0572076 ],[2383.60630106 2227.21425123],[2495.52199262 1612.34105679],[1609.43530529 3079.19018148],[3162.69042848 2391.47513624],[1552.32134414 1558.93610257],[ 555.78885239 1364.13819865],[2874.09299141 2864.19019458],[2556.59847969  439.97912819],[2058.73336199 3488.74964559],[2208.9555241  1130.46821996]
[ 50.28706498 497.15960863],[ 50.00850063 919.19609647],[  50.         1358.93988364],[  50.02611719 1789.87328016],[  50.11470319 2199.14419218],[  50.25404965 2652.87797864],[  50.01857532 3083.06848036],[  50.16090745 3503.02252456],[3949.99703561  524.58551992],[3949.95249205  926.59518883],[3949.97356932 1332.86074443],[3950.         1804.46557882],[3950.         2207.58159291],[3949.69465158 2646.70819117],[3949.85961012 3078.80744188],[3950.         3515.05474016],[  50.08935887 3949.98855206],[ 533.99560758 3949.85055081],[ 954.55701387 3949.98775157],[1357.17794032 3950.        ],[1783.20240083 3950.        ],[2231.95938757 3949.98263247],[2666.97820262 3950.        ],[3120.23321273 3949.95304171],[3523.38800971 3949.98870259],[3949.81651612 3948.4503111 ],[50.2107217 50.2107217],[486.72682996  50.13581405],[908.7094503   50.01963431],[1337.17935367   50.02856824],[1780.80033498   50.02133294],[2211.66900688   50.00318674],[2698.03461674   50.04213542],[3101.22961474   50.00263566],[3515.3094298    50.09654619],[3949.91324144   50.00117135],[1089.45675416 2464.58996336],[3044.25652668 1034.91390372],[1463.05905054 2023.47149092],[2788.97103663 3363.11585875],[2383.75077272 2227.35872289],[2495.59123478 1612.41029895],[1609.4485629  3079.20343909],[3162.52369656 2391.30840432],[1552.19139237 1558.8061508 ],[ 556.01413091 1364.36347716],[2874.22708624 2864.32428941],[2556.40217911  439.7828276 ],[2058.84865128 3488.86493488],[2208.62080029 1130.13350084]
[ 50.3954814  497.26802505],[ 50.         918.96981836],[  50.02993911 1359.47166706],[  50.04838372 1789.56307572],[  50.19534905 2199.22483765],[  50.01816942 2652.69424747],[  50.14711617 3083.19878274],[  50.0677755 3502.9293926],[3949.99700899  524.58404139],[3949.98963277  926.63231712],[3949.88981008 1332.77601132],[3949.91710239 1804.34530788],[3949.79859991 2207.28697315],[3950.         2647.01703449],[3949.89141457 3078.83662483],[3949.91496843 3514.96350417],[  50.07106652 3949.9417423 ],[ 533.9137783  3949.76823421],[ 954.60497761 3950.        ],[1356.88002149 3949.84856369],[1783.33237537 3950.        ],[2232.00985808 3949.99170163],[2666.64248731 3949.809834  ],[3120.26972505 3949.97337752],[3523.51450429 3949.94588342],[3949.94409301 3948.60092119],[50.14065224 50.14065224],[487.10823058  50.52099476],[908.73374119  50.04402494],[1337.15661377   50.00257689],[1780.61605873   50.        ],[2211.67790896   50.00375335],[2697.94769938   50.00075204],[3101.07510064   50.00173455],[3515.31436662   50.10200319],[3949.77306489   50.        ],[1089.8881916 2465.0214008],[3044.46611404 1035.12349108],[1463.52850097 2023.94094135],[2788.83474884 3362.97957096],[2383.76626941 2227.37421958],[2495.54257775 1612.36164192],[1609.15076392 3078.90564011],[3162.57271578 2391.35742354],[1552.10867301 1558.72343144],[ 555.9967029  1364.34606343],[2874.09299141 2864.19019458],[2556.59847969  439.97912819],[2058.73090882 3488.74719242],[2208.93688906 1130.44958682]
[ 50.39142701 497.26397067],[ 50.00370349 919.19120075],[  50.62482777 1360.06683177],[  50.20761883 1790.05483913],[  50.12084844 2199.15033754],[  50.         2652.67397319],[  50.         3082.88912334],[  50.04185548 3502.90351876],[3949.98510424  524.57361791],[3949.98966135  926.6323677 ],[3949.90363201 1332.78981697],[3949.91394767 1804.31989496],[3950.         2207.64036352],[3949.98999779 2647.00447857],[3950.      3079.48275],[3949.82968665 3514.87818956],[  50.08935887 3949.98855206],[ 534.10598267 3949.96125079],[ 954.6210939 3950.       ],[1356.88576372 3949.99648101],[1783.04370102 3949.98635711],[2232.05780225 3950.        ],[2666.90726386 3950.        ],[3120.2855923 3950.       ],[3523.36629453 3949.98744733],[3950.         3948.82973918],[50.17523841 50.17523841],[486.91826058  50.32724467],[908.70233134  50.01255222],[1337.16962164   50.02001855],[1781.05960072   50.27991952],[2211.66218963   50.00278171],[2697.98780366   50.00120902],[3101.24493866   50.00286094],[3515.22972839   50.01694143],[3949.90613749   50.00041494],[1090.10780297 2465.24101217],[3044.46611404 1035.12349108],[1463.19214747 2023.60458785],[2788.91116873 3363.05599085],[2383.95195277 2227.55990294],[2495.52208937 1612.34115354],[1609.55910176 3079.31397795],[3162.62525756 2391.40996532],[1552.35916727 1558.9739257 ],[ 556.20082374 1364.55016999],[2874.03853842 2864.13574159],[2556.61646919  439.99711769],[2058.50285103 3488.51913463],[2208.9555241  1130.46821996]
[ 50.28706498 497.15960863],[ 50.02907325 918.99889161],[  50.02162864 1359.4038352 ],[  50.         1789.80232459],[  50.10244576 2199.13193401],[  50.16936644 2652.79329542],[  50.07215909 3083.12373509],[  50.12122369 3502.98285651],[3949.99700899  524.58404139],[3949.99017819  926.63228132],[3949.86772802 1332.75426258],[3949.91710239 1804.34530788],[3949.99277703 2207.48095441],[3950.         2647.09490156],[3950.      3079.48275],[3949.68746066 3514.7359964 ],[  50.02672598 3949.93629171],[ 534.12812654 3949.97952271],[ 954.82647441 3950.        ],[1357.17369515 3950.        ],[1783.07392248 3949.97928434],[2232.00985808 3949.99170163],[2666.55874943 3949.62003508],[3120.2730453  3949.97611926],[3523.33595017 3949.95710296],[3950.         3948.71023781],[50.00784866 50.00784866],[486.62058391  50.08163103],[908.69559338  50.00587713],[1336.91680121   50.19448096],[1780.90011912   50.12378936],[2211.48762629   50.        ],[2698.0697715    50.06559213],[3100.98072173   50.09518027],[3515.26704726   50.05414844],[3948.82121446   50.        ],[1089.8881916 2465.0214008],[3043.98043279 1034.63780983],[1463.43971281 2023.85215319],[2788.720131   3362.86495312],[2383.60630106 2227.21425123],[2495.55641694 1612.37548111],[1609.55125771 3079.3061339 ],[3162.46508911 2391.24979687],[1552.18278573 1558.79754416],[ 555.99525141 1364.34462634],[2874.09299141 2864.19019458],[2556.40217911  439.7828276 ],[2058.58290455 3488.59918815],[2208.79982258 1130.31252034]
[ 50.05562592 496.87715371],[ 50.00624315 919.1937926 ],[  50.         1359.24188284],[  50.         1789.59483659],[  50.1227925  2199.15228139],[  50.40255412 2653.02648311],[  50.01871242 3083.06934687],[  50.06117014 3502.92281386],[3949.99850449  524.68320462],[3949.98960885  926.63229945],[3950.         1332.93975372],[3949.91710239 1804.34530788],[3949.99288653 2207.48112822],[3949.98962097 2647.00309403],[3949.97015727 3078.91940555],[3949.96245515 3515.01095077],[  50.08719556 3949.98824478],[ 534.10489801 3949.95963102],[ 954.77624963 3950.        ],[1356.93519403 3949.76149888],[1783.01097891 3949.94606811],[2232.03475132 3950.        ],[2666.81850644 3949.98585313],[3120.45468051 3950.        ],[3523.41496148 3950.        ],[3949.7787477 3948.4074252],[50.21055389 50.21055389],[486.48973554  50.        ],[908.70517033  50.01545318],[1337.13651013   50.        ],[1780.95345346   50.17907727],[2211.68655126   50.02374864],[2698.07227648   50.08256536],[3101.23792206   50.00383773],[3515.44289939   50.23006126],[3949.90911218   50.00074649],[1089.94722184 2465.08043104],[3044.08195708 1034.73933412],[1462.99532701 2023.40776739],[2788.96713947 3363.11196159],[2383.9523334  2227.56028357],[2495.21192353 1612.0309877 ],[1609.55125771 3079.3061339 ],[3162.52374796 2391.30845572],[1552.3636501  1558.97840853],[ 556.0144032  1364.36374437],[2874.22563059 2864.32283376],[2556.59793074  439.97857924],[2058.86998387 3488.88626747],[2208.9765808  1130.48928381]
[ 50.10304943 496.91853587],[ 50.         919.17019975],[  50.03904014 1359.46821348],[  50.02564078 1789.87296292],[  50.12084844 2199.15033754],[  50.00434687 2652.70895556],[  50.01860864 3083.06868886],[  50.         3502.63987214],[3950.          524.90001948],[3950.         926.6482663],[3949.97346771 1332.85965267],[3949.53359584 1803.93954312],[3949.99265415 2207.48091547],[3949.98958749 2647.00312708],[3949.90716113 3078.8553962 ],[3949.95981413 3515.00831704],[  50.08935887 3949.98855206],[ 534.31545001 3950.        ],[ 954.54857638 3949.97931408],[1356.88576372 3949.99648101],[1783.0431478  3949.98623953],[2232.30945025 3950.        ],[2666.67380793 3949.84115462],[3120.2393209 3949.9601708],[3523.38411898 3949.99444005],[3949.84870783 3948.47738534],[50.55184204 50.55184204],[486.72682996  50.13581405],[908.70233134  50.01255222],[1337.17158276   50.02197968],[1780.79946267   50.02250484],[2211.66218963   50.00278171],[2697.98780366   50.00120902],[3101.5582239    50.31614618],[3515.32487757   50.11203944],[3949.90613749   50.00041494],[1089.66203748 2464.79524668],[3044.25653146 1034.9139085 ],[1463.19214747 2023.60458785],[2788.92331982 3363.06814194],[2383.36045499 2226.96840516],[2495.39323605 1612.21230022],[1609.4485629  3079.20343909],[3162.4400956  2391.22480336],[1552.35916727 1558.9739257 ],[ 556.1519936  1364.50133986],[2874.22708624 2864.32428941],[2556.29905634  439.67970484],[2058.56634786 3488.58263146],[2208.9765808  1130.48928381]
[ 50.3954814  497.26802505],[ 50.         918.96981836],[  50.02993911 1359.47166706],[  50.09676744 1789.6647259 ],[  50.19534905 2199.22483765],[  50.40255412 2653.02648311],[  50.02056098 3083.07227295],[  50.16090745 3503.02252456],[3949.99700899  524.58404139],[3949.98962948  926.63232626],[3949.88981008 1332.77601132],[3949.91710239 1804.34530788],[3949.79859991 2207.28697315],[3950.         2647.09490156],[3949.89141457 3078.83662483],[3949.91496843 3514.96350417],[  50.07106652 3949.9417423 ],[ 534.11379668 3949.96581597],[ 954.60497761 3950.        ],[1357.17369515 3950.        ],[1783.33237537 3950.        ],[2232.00985808 3949.99170163],[2666.55874943 3949.62003508],[3120.17282762 3949.89574991],[3523.63668109 3949.91327757],[3949.94409301 3948.60092119],[50.69751155 50.69751155],[487.10823058  50.52099476],[908.73374119  50.04402494],[1337.15661377   50.00257689],[1780.61605873   50.        ],[2211.48762629   50.        ],[2698.02691724   50.00150408],[3100.8580395   50.       ],[3515.31436662   50.10200319],[3949.77306489   50.        ],[1089.8881916 2465.0214008],[3044.46611404 1035.12349108],[1463.52850097 2023.94094135],[2789.25748348 3363.4023056 ],[2383.95471182 2227.56266199],[2495.56305703 1612.3821212 ],[1609.15076392 3078.90564011],[3162.69042848 2391.47513624],[1552.10867301 1558.72343144],[ 555.93660569 1364.28597704],[2874.09299141 2864.19019458],[2556.59847969  439.97912819],[2058.73336199 3488.74964559],[2208.93688906 1130.44958682]
[ 50.05922827 496.88042043],[ 50.00850063 919.19609647],[  50.02614501 1359.45011944],[  50.02611719 1789.87328016],[  50.11470319 2199.14419218],[  50.00434687 2652.70895556],[  50.01857532 3083.06848036],[  50.12122369 3502.98285651],[3949.99703561  524.58551992],[3949.98962948  926.63232626],[3949.97356932 1332.86074443],[3949.91394767 1804.31989496],[3949.99277703 2207.48095441],[3949.98958749 2647.00312708],[3949.96903731 3078.91686907],[3949.68746066 3514.7359964 ],[  50.08935887 3949.98855206],[ 534.10443344 3949.95937668],[ 954.54857638 3949.97931408],[1356.88576631 3949.996478  ],[1783.07392248 3949.97928434],[2231.95938757 3949.98263247],[2666.55874943 3949.62003508],[3120.22106488 3949.94089386],[3523.38800971 3949.98870259],[3949.98917455 3948.62296954],[50.27345582 50.27345582],[486.72682996  50.13581405],[908.7094503   50.01963431],[1337.17935367   50.02856824],[1780.80033498   50.02133294],[2211.66900688   50.00318674],[2697.99376386   50.00128253],[3101.22961474   50.00263566],[3515.26704726   50.05414844],[3948.82121446   50.        ],[1089.94647855 2465.07968775],[3044.25652668 1034.91390372],[1463.18975898 2023.60219936],[2789.11923902 3363.26406114],[2383.81470471 2227.42265488],[2495.5221102  1612.34117437],[1609.55125771 3079.3061339 ],[3162.52369656 2391.30840432],[1552.36763483 1558.98239326],[ 556.01413091 1364.36347716],[2874.22708624 2864.32428941],[2556.59691583  439.97756433],[2058.72997849 3488.74626209],[2208.93605022 1130.44874759]
[ 50.39142701 497.26397067],[ 50.23652296 919.42500596],[  50.62482777 1360.06683177],[  50.         1789.46142554],[  50.11357184 2199.1430598 ],[  50.         2652.67397319],[  50.27367137 3083.32529252],[  50.04282953 3502.90430811],[3949.99700899  524.58404139],[3949.7987726   926.47231089],[3949.88981008 1332.77601132],[3949.90052083 1804.30616316],[3949.79859991 2207.28697315],[3949.98999779 2647.00447857],[3949.89759457 3078.84280483],[3949.91496843 3514.96350417],[  50.0518904  3949.98696759],[ 534.10295995 3949.95497924],[ 954.60497761 3950.        ],[1356.8857897  3949.99645092],[1783.00291765 3949.93800685],[2232.00985808 3949.99170163],[2666.64248731 3949.809834  ],[3120.2855923 3950.       ],[3523.47669504 3950.        ],[3949.73521984 3948.35778103],[50. 50.],[486.3668534  50.       ],[908.70249951  50.01253604],[1337.0779163   50.       ],[1780.69453319   50.        ],[2211.68540146   50.00423205],[2697.86848151   50.        ],[3101.29216178   50.00346909],[3515.31436662   50.10200319],[3949.90595639   50.        ],[1090.13394407 2465.26715327],[3044.46611404 1035.12349108],[1463.34310305 2023.75554343],[2789.11923902 3363.26406114],[2383.81470471 2227.42265488],[2495.52199262 1612.34105679],[1609.43530529 3079.19018148],[3162.62525756 2391.40996532],[1552.32134414 1558.93610257],[ 555.87795998 1364.22732775],[2874.37532785 2864.47253102],[2556.59847969  439.97912819],[2058.73336199 3488.74964559],[2208.9555241  1130.46821996]
[ 50.05922827 496.88042043],[ 50.05230355 919.23989939],[  50.06500374 1359.5067317 ],[  50.         1789.55209306],[  50.1031355  2199.13262411],[  50.37248442 2653.07709311],[  50.         3082.94685175],[  50.         3502.66013375],[3949.80193071  524.39041503],[3950.          926.85951711],[3949.97356932 1332.86074443],[3949.91394767 1804.31989496],[3949.79859991 2207.28697315],[3950.         2647.07915852],[3949.93880244 3078.8866342 ],[3949.96223703 3515.0107368 ],[  50.21088018 3950.        ],[ 534.11189161 3949.96683484],[ 954.60497761 3950.        ],[1356.87430811 3949.70061296],[1783.0431478  3949.98623953],[2231.53591712 3949.55916202],[2666.64248731 3949.809834  ],[3120.18162163 3949.90145061],[3523.38800971 3949.98870259],[3949.98917455 3948.62296954],[50.69751155 50.69751155],[486.72682996  50.13581405],[908.51230264  50.        ],[1337.11000625   50.        ],[1780.61605873   50.        ],[2211.68540146   50.00423205],[2697.99376386   50.00128253],[3101.19013003   50.        ],[3515.32487757   50.11203944],[3949.91324144   50.00117135],[1089.94647855 2465.07968775],[3043.94955954 1034.60693658],[1463.18975898 2023.60219936],[2788.91238548 3363.0572076 ],[2383.58813371 2227.19608388],[2495.5221102  1612.34117437],[1609.5440327  3079.29890889],[3162.47137929 2391.25608705],[1552.36763483 1558.98239326],[ 556.01413091 1364.36347716],[2874.70802483 2864.805228  ],[2556.13662731  439.51727581],[2058.72997849 3488.74626209],[2208.98245064 1130.49514801]
[ 50.0223173  496.83780374],[ 50.00089188 918.99333926],[  50.03255457 1359.44446614],[  50.00381268 1789.60080403],[  50.08713428 2199.11662253],[  50.03629281 2652.66022179],[  50.01860864 3083.06868886],[  50.         3502.80424458],[3949.9970296   524.58513635],[3949.90275382  926.75357202],[3949.97346771 1332.85965267],[3949.91665171 1804.34167746],[3949.99288653 2207.48112822],[3949.76145014 2646.77498974],[3949.97015727 3078.91940555],[3949.67088148 3514.71941722],[  50.22862464 3949.99832068],[ 534.1304357 3949.9823268],[ 954.54857638 3949.97931408],[1357.20761313 3950.        ],[1782.87646019 3949.8137736 ],[2231.95938757 3949.98263247],[2666.92154179 3949.99797902],[3120.22712238 3949.94279452],[3523.36629453 3949.98744733],[3949.73341534 3948.35597731],[50.27345582 50.27345582],[486.67854903  50.09050319],[908.61362717  50.0022076 ],[1337.15661377   50.00257689],[1780.80338446   50.02370326],[2211.67996178   50.00377743],[2698.03784618   50.00220735],[3101.0828984   50.       ],[3515.33633808   50.12349994],[3949.90613749   50.00041494],[1089.94805804 2465.08126724],[3044.20505481 1034.86243185],[1463.19214747 2023.60458785],[2788.96197856 3363.10680068],[2383.91477628 2227.52272645],[2495.54771165 1612.36677582],[1609.29871634 3079.05359253],[3162.59997482 2391.38468258],[1552.35916727 1558.9739257 ],[ 556.01413091 1364.36347716],[2874.09299141 2864.19019458],[2556.5989338  439.9795823],[2058.7243276 3488.7406112],[2208.83879912 1130.35149838]
[ 50.05034481 496.88007392],[ 50.00575717 919.19339287],[  50.03287625 1359.46106986],[  50.17341671 1790.01970199],[  50.12758039 2199.15706939],[  50.02548122 2652.72786173],[  50.02960326 3083.07931846],[  50.19597008 3503.05763462],[3949.99703573  524.58552881],[3949.98963606  926.63230798],[3949.82482667 1332.71221766],[3949.7535228  1804.15951739],[3950.         2207.57996013],[3949.989534   2647.00299439],[3949.96977124 3078.91852097],[3949.52177152 3514.57027398],[  50.46656873 3950.        ],[ 534.10485386 3949.95975341],[ 954.41404559 3949.84494119],[1356.88573487 3949.99651441],[1783.05232844 3949.98713437],[2231.97921246 3949.98442348],[2666.81924566 3949.98659235],[3120.25385779 3949.94675504],[3523.33801611 3949.92417789],[3949.99032761 3948.63782867],[50.27345582 50.27345582],[486.72931234  50.13921042],[908.57740887  50.        ],[1337.18471692   50.03384099],[1780.80089223   50.02287105],[2211.34551198   50.        ],[2697.99757014   50.00118636],[3101.23489441   50.00271328],[3515.30539529   50.10422276],[3949.91000377   50.00082718],[1090.09585308 2465.22906228],[3044.25655516 1034.9139322 ],[1463.18548126 2023.59792164],[2788.94936668 3363.0941888 ],[2383.57782701 2227.18577718],[2495.52209847 1612.34116264],[1609.44871687 3079.20359306],[3162.52017401 2391.30488177],[1552.37203781 1558.98679624],[ 555.83042291 1364.17976904],[2873.89169956 2863.98890273],[2556.61440768  439.99505618],[2058.72845565 3488.74473925],[2208.93599163 1130.44869218]
[ 50.28706498 497.15960863],[ 50.00575717 919.19339287],[  50.03287625 1359.46106986],[  50.03253547 1789.87882075],[  50.12758039 2199.15706939],[  50.44691651 2653.0708455 ],[  50.02960326 3083.07931846],[  50.         3502.83453359],[3949.9251485   524.60984863],[3949.64636371  926.33533518],[3949.82984381 1332.71723481],[3949.83728585 1804.24328043],[3949.99277852 2207.48114867],[3950.         2647.09490156],[3949.96977124 3078.91852097],[3949.96521666 3515.01371912],[  50.08590994 3949.98832914],[ 534.10485386 3949.95975341],[ 954.82647441 3950.        ],[1357.11587767 3949.94218252],[1783.05232844 3949.98713437],[2232.00985808 3949.99170163],[2666.82082179 3949.98816847],[3120.25385779 3949.94675504],[3523.44067708 3950.        ],[3949.99032761 3948.63782867],[50.35690862 50.35690862],[486.72931234  50.13921042],[908.70553184  50.01576007],[1337.18471692   50.03384099],[1780.74170561   50.        ],[2211.49239239   50.0047661 ],[2697.72754465   50.        ],[3101.23489441   50.00271328],[3514.97713732   50.        ],[3949.89523674   50.        ],[1089.76169194 2464.89490114],[3044.23035664 1034.88773368],[1463.18548126 2023.59792164],[2789.20124513 3363.34606725],[2383.81470471 2227.42265488],[2495.52209847 1612.34116264],[1609.44871687 3079.20359306],[3162.55006285 2391.33477061],[1552.52167339 1559.13643182],[ 555.9981544  1364.34750052],[2874.18023274 2864.27743591],[2556.61440768  439.99505618],[2058.72845565 3488.74473925],[2208.93599163 1130.44869218]
[ 50.39142701 497.26397067],[ 50.00054381 919.18902681],[  50.03616311 1359.47816712],[  50.14504706 1789.99639504],[  50.11357184 2199.1430598 ],[  50.00434687 2652.70895556],[  50.02241468 3083.07403584],[  50.17448385 3503.03596243],[3949.99700899  524.58404139],[3949.99017819  926.63228132],[3949.991065   1332.87726624],[3949.72175578 1804.12739811],[3950.         2207.49884537],[3949.98999779 2647.00447857],[3949.9661529  3078.91035488],[3949.98518093 3515.03371667],[  50.         3949.77384058],[ 534.10295995 3949.95497924],[ 954.55925097 3949.98959834],[1356.8857897  3949.99645092],[1782.96238835 3949.89747755],[2232.03860617 3950.        ],[2666.82951016 3949.99685685],[3120.5209019 3950.       ],[3523.36629453 3949.98744733],[3949.99298745 3948.6155464 ],[50.00784866 50.00784866],[486.99216026  50.37723757],[908.70249951  50.01253604],[1336.70121831   50.        ],[1781.14807234   50.37418786],[2211.44664966   50.        ],[2698.01365463   50.        ],[3101.29216178   50.00346909],[3515.12832309   50.        ],[3949.90595639   50.        ],[1089.93226314 2465.06547234],[3044.25648367 1034.91386071],[1463.18879329 2023.60123367],[2789.00005577 3363.14487789],[2383.6676823  2227.27563247],[2495.52199262 1612.34105679],[1609.43530529 3079.19018148],[3162.52469924 2391.309407  ],[1552.40237176 1559.01713019],[ 555.70679353 1364.05616847],[2874.22708624 2864.32428941],[2556.59847969  439.97912819],[2058.73336199 3488.74964559],[2208.93269485 1130.44539071]
[ 50.28706498 497.15960863],[ 50.1241846  919.09400296],[  50.         1359.30847914],[  50.01340695 1789.81573153],[  50.11288063 2199.14236874],[  50.40255412 2653.02648311],[  50.05403553 3083.1057475 ],[  50.16090745 3503.02252456],[3949.99850449  524.68320462],[3949.75830724  926.44727871],[3949.88981008 1332.77601132],[3949.91710239 1804.34530788],[3949.98998365 2207.47816104],[3950.         2647.09490156],[3949.84902215 3078.79423241],[3949.69801105 3514.74654679],[  50.         3949.86287998],[ 534.11379668 3949.96581597],[ 954.82647441 3950.        ],[1357.17369515 3950.        ],[1783.01097891 3949.94606811],[2232.00985808 3949.99170163],[2666.55874943 3949.62003508],[3120.29238431 3949.98752769],[3523.63668109 3949.91327757],[3949.94409301 3948.60092119],[50. 50.],[486.71365884  50.12642302],[908.69559338  50.00587713],[1336.77486556   50.09724048],[1780.95345346   50.17907727],[2211.68540146   50.00423205],[2697.8894786   50.       ],[3100.8580395   50.       ],[3515.26704726   50.05414844],[3949.77306489   50.        ],[1089.8881916 2465.0214008],[3044.34600518 1035.00338222],[1463.43971281 2023.85215319],[2788.91238548 3363.0572076 ],[2383.81470471 2227.42265488],[2495.53755469 1612.35661886],[1609.55125771 3079.3061339 ],[3162.55006285 2391.33477061],[1552.10867301 1558.72343144],[ 555.93660569 1364.28597704],[2874.37532785 2864.47253102],[2556.40217911  439.7828276 ],[2058.52759119 3488.54387479],[2208.79982258 1130.31252034]
[ 50.40307062 497.22459841],[ 50.00624315 919.1937926 ],[  50.03268126 1359.46171642],[  50.02668874 1789.87390904],[  50.         2198.80014037],[  50.05974058 2652.7643277 ],[  50.04928016 3083.0999146 ],[  50.         3502.80884011],[3950.          524.65853984],[3949.96121139  926.60390198],[3949.9763163  1332.86350329],[3949.91620007 1804.32218911],[3949.87696327 2207.36520496],[3949.98962097 2647.00309403],[3949.97015727 3078.91940555],[3949.82802278 3514.87651841],[  50.         3949.86279275],[ 533.83009493 3949.68482794],[ 954.54983221 3949.98052399],[1357.0644641 3950.       ],[1783.04370102 3949.98635711],[2232.13658763 3950.        ],[2666.81850644 3949.98585313],[3120.2236547  3949.94306524],[3522.93929095 3949.56044374],[3949.98797172 3948.61053836],[50.27345582 50.27345582],[486.74959944  50.16071618],[908.70517033  50.01545318],[1337.180673     50.03016577],[1780.81269426   50.03301306],[2211.66579876   50.00299614],[2698.08885119   50.09914007],[3101.236826     50.00274167],[3515.32376037   50.11097341],[3949.90911218   50.00074649],[1090.08304754 2465.21625674],[3044.25652106 1034.9138981 ],[1463.19093152 2023.6033719 ],[2788.90834109 3363.05316321],[2383.52712161 2227.13507178],[2495.52617128 1612.34523545],[1609.44799596 3079.20287215],[3162.52380579 2391.30851355],[1552.33598098 1558.95073941],[ 556.0144032  1364.36374437],[2874.22563059 2864.32283376],[2556.59793074  439.97857924],[2058.72771731 3488.74400091],[2208.64801264 1130.1607104 ]
[ 50.1592223  496.98041446],[ 50.23936951 919.42696536],[  50.16586095 1359.59503429],[  50.02564078 1789.87296292],[  50.11470319 2199.14419218],[  50.        2652.3564395],[  50.         3082.77687789],[  50.         3502.68837823],[3949.99703561  524.58551992],[3949.89543311  926.53812989],[3949.97356932 1332.86074443],[3949.91394767 1804.31989496],[3949.74048067 2207.22874199],[3949.82323004 2646.90238856],[3949.96903731 3078.91686907],[3949.74713114 3514.79563091],[  50.08935887 3949.98855206],[ 534.10443344 3949.95937668],[ 954.37728145 3949.80801915],[1357.25358188 3950.        ],[1783.0431478  3949.98623953],[2231.53591712 3949.55916202],[2666.64435617 3949.81170286],[3120.31790804 3950.        ],[3523.38800971 3949.98870259],[3950.         3948.68224306],[50.27345582 50.27345582],[486.72682996  50.13581405],[908.56872445  50.05642181],[1337.17935367   50.02856824],[1780.80033498   50.02133294],[2211.60422833   50.00993084],[2698.19680836   50.20432703],[3101.19013003   50.        ],[3515.13249343   50.        ],[3950.           50.11470556],[1089.74057607 2464.87378527],[3044.13669397 1034.79407101],[1463.26562025 2023.67806063],[2788.97103663 3363.11585875],[2383.50282015 2227.11077032],[2495.5221102  1612.34117437],[1609.5440327  3079.29890889],[3162.53069061 2391.31539837],[1552.26755052 1558.88230895],[ 555.92911117 1364.27845742],[2874.70802483 2864.805228  ],[2556.13662731  439.51727581],[2058.72997849 3488.74626209],[2208.93605022 1130.44874759]
[ 50.15383281 496.9753606 ],[ 50.00370349 919.19120075],[  50.03268126 1359.46171642],[  50.02668874 1789.87390904],[  50.12084844 2199.15033754],[  50.00434687 2652.70895556],[  50.         3082.86040413],[  50.04185548 3502.90351876],[3949.99703634  524.58555001],[3949.98966135  926.6323677 ],[3949.9763163  1332.86350329],[3949.91394767 1804.31989496],[3949.99265415 2207.48091547],[3949.98958749 2647.00312708],[3949.9693578  3078.91759287],[3949.95981413 3515.00831704],[  50.08935887 3949.98855206],[ 534.10598267 3949.96125079],[ 954.55558525 3949.98622537],[1356.88576372 3949.99648101],[1783.04370102 3949.98635711],[2231.92480944 3949.76901946],[2666.82054001 3949.9878867 ],[3120.216213   3949.93706291],[3523.18582007 3949.80697287],[3949.98797172 3948.61053836],[50. 50.],[486.72682996  50.13581405],[908.70233134  50.01255222],[1337.17158276   50.02197968],[1779.82434083   50.        ],[2211.66218963   50.00278171],[2697.98780366   50.00120902],[3101.24493866   50.00286094],[3515.32376037   50.11097341],[3948.99866017   50.        ],[1090.04878091 2465.18199011],[3044.25653146 1034.9139085 ],[1463.19464742 2023.6070878 ],[2788.96781228 3363.1126344 ],[2383.58611512 2227.19406529],[2495.52208937 1612.34115354],[1609.4485629  3079.20343909],[3162.52380579 2391.30851355],[1552.30318397 1558.9179424 ],[ 556.00057535 1364.34993778],[2874.22708624 2864.32428941],[2556.50866705  439.88931555],[2058.68043862 3488.69672222],[2208.93688906 1130.44958682]
[ 50.05562592 496.87715371],[ 50.00624315 919.1937926 ],[  50.03268126 1359.46171642],[  50.02564078 1789.87296292],[  50.26216727 2199.29165615],[  50.08810674 2652.79269386],[  50.         3082.71675898],[  50.         3502.62643838],[3949.74376166  524.33225666],[3949.98960885  926.63229945],[3949.83521054 1332.72239753],[3949.91620007 1804.32218911],[3949.99288653 2207.48112822],[3949.98962097 2647.00309403],[3949.97015727 3078.91940555],[3949.87113638 3514.919632  ],[  50.08935887 3949.98855206],[ 534.10489801 3949.95963102],[ 954.77011094 3950.        ],[1356.82669548 3949.9374065 ],[1782.93910309 3949.88219482],[2231.84177608 3949.86502098],[2666.81850644 3949.98585313],[3120.2236547  3949.94306524],[3523.36629453 3949.98744733],[3949.98797172 3948.61053836],[50. 50.],[486.72682996  50.13581405],[908.70517033  50.01545318],[1337.180673     50.03016577],[1780.79946267   50.02250484],[2211.66579876   50.00299614],[2698.14916731   50.15945619],[3101.24493866   50.00286094],[3515.0652015   50.       ],[3949.90911218   50.00074649],[1089.94805804 2465.08126724],[3044.25652106 1034.9138981 ],[1463.19093152 2023.6033719 ],[2788.96781228 3363.1126344 ],[2383.58837093 2227.1963211 ],[2495.52208937 1612.34115354],[1609.44799596 3079.20287215],[3162.52380579 2391.30851355],[1552.35916727 1558.9739257 ],[ 556.1817924  1364.53113358],[2874.12559084 2864.22279401],[2556.2390012  439.6196497],[2058.81578894 3488.83207254],[2208.93688906 1130.44958682]
[ 50.70597215 497.57851581],[ 50.3370933 919.5255763],[  50.78218953 1360.22419353],[  50.         1789.02786598],[  50.11357184 2199.1430598 ],[  50.         2652.67397319],[  50.27367137 3083.32529252],[  50.04282953 3502.90430811],[3949.99700899  524.58404139],[3949.99017819  926.63228132],[3949.88981008 1332.77601132],[3949.90052083 1804.30616316],[3949.79859991 2207.28697315],[3949.98999779 2647.00447857],[3950.      3079.48275],[3949.91496843 3514.96350417],[  50.0518904  3949.98696759],[ 534.10295995 3949.95497924],[ 954.60497761 3950.        ],[1356.8857897  3949.99645092],[1782.80834337 3949.74343257],[2232.00985808 3949.99170163],[2666.64248731 3949.809834  ],[3120.10198832 3949.81639602],[3523.47669504 3950.        ],[3949.93083065 3948.64106846],[50.17994217 50.17994217],[486.42888163  50.06202823],[908.70249951  50.01253604],[1336.96615107   50.        ],[1780.69453319   50.        ],[2211.68540146   50.00423205],[2697.88394011   50.0154586 ],[3101.19489729   50.        ],[3515.72294025   50.51057682],[3949.97577442   50.06981804],[1090.13394407 2465.26715327],[3044.46611404 1035.12349108],[1463.34310305 2023.75554343],[2788.720131   3362.86495312],[2383.54267431 2227.15062448],[2495.52199262 1612.34105679],[1609.69674422 3079.45162041],[3162.62525756 2391.40996532],[1552.32134414 1558.93610257],[ 555.99525141 1364.34462634],[2874.09299141 2864.19019458],[2556.59847969  439.97912819],[2058.78157486 3488.79785846],[2208.9555241  1130.46821996]
[ 50.16870489 497.01984128],[ 50.1241846  919.09400296],[  50.         1359.30847914],[  50.01340695 1789.81573153],[  50.11288063 2199.14236874],[  50.02182532 2652.7110546 ],[  50.05403553 3083.1057475 ],[  50.11434147 3502.97595858],[3949.99777011  524.63436672],[3949.87397165  926.53979335],[3949.66697424 1332.55308058],[3949.91710239 1804.34530788],[3949.98998365 2207.47816104],[3949.994767   2647.01001444],[3949.84902215 3078.79423241],[3949.69801105 3514.74654679],[  50.         3949.86287998],[ 534.01378749 3949.86702509],[ 954.68755431 3949.9897649 ],[1356.88002149 3949.84856369],[1783.01097891 3949.94606811],[2231.99453527 3949.98806256],[2666.60061837 3949.71493454],[3120.29238431 3949.98752769],[3523.33595017 3949.95710296],[3949.79665116 3948.41921235],[50. 50.],[486.71365884  50.12642302],[908.69559338  50.00587713],[1336.77486556   50.09724048],[1780.95345346   50.17907727],[2211.67790896   50.00375335],[2697.94352437   50.00059318],[3100.9438226    50.14205368],[3515.26704726   50.05414844],[3948.80758178   50.03992964],[1089.91872263 2465.05193183],[3044.34600518 1035.00338222],[1463.43971281 2023.85215319],[2788.93087608 3363.0756982 ],[2383.69626586 2227.30421603],[2495.53755469 1612.35661886],[1609.55125771 3079.3061339 ],[3162.53511843 2391.31982619],[1552.10616867 1558.7209271 ],[ 555.86272904 1364.21208785],[2874.37532785 2864.47253102],[2556.40217911  439.7828276 ],[2058.52759119 3488.54387479],[2208.79982258 1130.31252034]
